JuegoNorm,MediaViewers,PremiosUSD
.hack//g.u. last recode,202.0,0.0
20 minutes till dawn,1267.0,0.0
2xko,2876.0,0.0
60 parsecs!,736.0,0.0
60 seconds!,415.41666666666663,0.0
60 seconds! reatomized,1353.75,0.0
7 days to die,1620.7839506172838,0.0
<u+014c>kami,244.0,0.0
a dance of fire and ice,645.0,0.0
a difficult game about climbing,9779.0,0.0
a hat in time,437.5,0.0
a plague tale: innocence,2305.5,0.0
a plague tale: requiem,3399.5,0.0
a total war saga: troy,1371.0,0.0
a way out,2567.5,0.0
abandon ship,277.0,0.0
abiotic factor,2327.0,0.0
absolver,741.0,0.0
abz<u+00db>,455.0,0.0
ace combat 7: skies unknown,496.0,0.0
afk journey,1871.0,0.0
against the storm,886.0,0.0
agar.io,295.6,0.0
age of darkness: final stand,922.0,0.0
age of empires,334.0,64047.8
age of empires ii,1915.0476992143658,2995089.86
age of empires ii: definitive edition,3555.972222222222,0.0
age of empires ii: hd edition,245.0,0.0
age of empires iv,3181.7291666666665,1190813.44
age of empires: definitive edition,361.0,0.0
age of mythology,3114.0,25674.55
age of wonders 4,1737.0,0.0
age of wonders: planetfall,674.0,0.0
agents of mayhem,429.0,0.0
agony,655.0,0.0
agrou,800.5,0.0
ai: the somnium files,655.0,0.0
aim gods,3929.0,250000.0
aion,3763.0,0.0
aion classic,948.0,0.0
alan wake ii,2834.0,0.0
alan wake remastered,1621.0,0.0
albion online,3432.717893217893,0.0
alien: isolation,798.7261904761905,0.0
aliens: dark descent,2044.0,0.0
aliens: fireteam elite,4058.0,0.0
alone in the dark,2028.0,0.0
altf4,2925.166666666667,0.0
altf42,3078.0,0.0
always on,2887.668939393939,0.0
amanda the adventurer,1449.5,0.0
american truck simulator,542.2857142857142,0.0
amnesia: rebirth,5334.0,0.0
amnesia: the bunker,3622.0,0.0
amnesia: the dark descent,303.0,0.0
amok runner,1495.0,0.0
among us,24745.48888888889,86000.0
among us vr,1761.0,0.0
ancestors: the humankind odyssey,1963.0,0.0
angvik,681.0,0.0
animal crossing: new horizons,4060.7333333333336,0.0
animal crossing: new leaf,163.0,0.0
animal well,1862.0,0.0
"animals, aquariums, and zoos",3385.534722222222,0.0
anime,1694.5,0.0
anime land,1423.875,0.0
anime squad,6064.142857142857,0.0
anime standing,1122.0,0.0
anime world,3004.194444444444,0.0
anno 1800,1545.1666666666667,0.0
another crab's treasure,2782.5,0.0
anthem,5340.0,0.0
apb reloaded,399.0,0.0
ape escape,313.0,0.0
apex legends,52917.95749158249,26153237.01
apex legends mobile,843.0,0.0
araya,198.0,0.0
arcane,9014.0,0.0
arcanum: of steamworks and magick obscura,431.0,0.0
archeage,645.4166666666667,0.0
archvale,1052.0,0.0
arena breakout: infinite,8768.25,0.0
arena of valor,478.71111111111105,19995118.55
ark: survival ascended,3980.222222222222,0.0
ark: survival evolved,3784.0208333333335,0.0
ark: survival of the fittest,251.0,0.0
arknights,627.0,0.0
arma 3,1764.5285714285715,0.0
arma reforger,1504.5,0.0
armored core vi: fires of rubicon,6527.5,0.0
armored warfare,186.0,0.0
arms,652.0,3392.1
art,9572.349206349207,0.0
artifact,3528.0,0.0
as dusk falls,3328.0,0.0
ashen,1235.0,0.0
ashes of creation,2717.0,0.0
asmr,9651.285714285714,0.0
assassin's creed ii,745.0,0.0
assassin's creed mirage,8925.0,0.0
assassin's creed valhalla,7450.61111111111,0.0
assassin's creed: odyssey,2989.4666666666667,0.0
assassin's creed: origins,1748.3333333333333,0.0
assetto corsa,1090.0,274036.44
assetto corsa competizione,1169.5,530576.8
astral chain,923.0,0.0
astro bot,4621.0,0.0
astro's playroom,1622.0,0.0
astroneer,1154.125,0.0
at dead of night,1556.0,0.0
atlas,7905.6,0.0
atlas fallen,1381.0,0.0
atlas reactor,241.5,0.0
atomic heart,5873.0,0.0
attack on titan,404.5,0.0
attack on titan 2,512.0,0.0
auto chess,3089.8888888888887,1151320.28
autopsy simulator,1296.0,0.0
avatar: frontiers of pandora,4734.0,0.0
axie infinity,2606.083333333333,0.0
azure striker gunvolt,265.0,0.0
azure striker gunvolt 2,392.0,0.0
baba is you,599.0,0.0
back 4 blood,5167.583333333333,0.0
backpack battles,5378.333333333334,0.0
backpack hero,926.0,0.0
balatro,2687.0,0.0
baldi's basics in education and learning,1086.0,0.0
baldur's gate 3,9273.703703703704,0.0
baller league,2346.5,0.0
banishers: ghosts of new eden,2865.0,0.0
banjo-kazooie,515.0,0.0
banjo-tooie,378.0,0.0
barbie and the magic of pegasus,350.99333333333334,0.0
barbie horse adventures: wild horse rescue,924.0,0.0
barn finders,668.0,0.0
barotrauma,840.0,0.0
batman: arkham city,437.0,0.0
batman: the enemy within,526.0,0.0
batman: the telltale series,359.3333333333333,0.0
battalion 1944,1584.3333333333333,206654.66999999998
battle brothers,829.9,0.0
battle chasers: nightwar,1061.0,0.0
battlebit remastered,6753.25,0.0
battleblock theater,447.0,0.0
battleborn,862.3333333333334,0.0
battlefield 1,2149.111111111111,0.0
battlefield 2042,5478.730158730159,0.0
battlefield 4,966.425,18651.660000000003
battlefield hardline,135.0,0.0
battlefield v,1908.675,0.0
battlefield: bad company 2,174.0,0.0
battlefleet gothic: armada,171.0,0.0
battlerite,927.2904761904762,65173.45
battlerite royale,2452.25,0.0
battletech,1226.0,0.0
bayonetta,551.0,0.0
beat saber,667.4,16175.560000000001
beauty & body art,328.0,0.0
beholder,291.0,0.0
ben and ed,160.0,0.0
ben and ed - blood party,180.0,0.0
bendy and the dark revival,978.0,0.0
berserk and the band of the hawk,237.5,0.0
bethesda at e3,719.5,0.0
beton brutal,1734.0,0.0
betrayal.io,1482.0,0.0
beyond: two souls,333.5,0.0
big ambitions,2505.0,0.0
bio inc. redemption,368.0,0.0
biomutant,4221.0,0.0
bionic commando rearmed,330.0,0.0
bioshock,380.0,0.0
bioshock infinite,602.5,0.0
bioshock: the collection,875.0,0.0
black clover mobile,1424.0,0.0
black desert,6437.881944444445,0.0
black desert online,3948.022222222222,0.0
black mesa,1020.0,0.0
black myth: wukong,26984.5,0.0
black squad,331.5,4470.29
blackjack,512.4464285714286,0.0
blackwake,757.5,0.0
blade & soul,782.4981060606061,575605.14
blair witch,1170.0,0.0
blasphemous,1154.5,0.0
blasphemous ii,1452.0,0.0
blast corps,240.0,0.0
blaster master,377.0,0.0
blazblue: central fiction,340.5,31921.61
blazblue: cross tag battle,501.3333333333333,81840.03
blazing sails,1384.0,0.0
bless online,2305.5,0.0
bless unleashed,1814.0,0.0
blood bowl 2,273.25,0.0
blood ii: the chosen,335.0,0.0
bloodborne,1134.0051707551709,0.0
bloodborne psx,934.0,0.0
bloodborne: the old hunters,304.0,0.0
bloodstained: ritual of the night,1987.5,0.0
bloons td 5,313.5,0.0
bloons td 6,1364.3958333333333,0.0
bloons td battles 2,1076.0,0.0
blue archive,1242.5,0.0
blue protocol,3288.0,0.0
board games,798.7638888888889,0.0
bodycam,2567.0,0.0
bomber crew,249.0,0.0
boneworks,486.0,0.0
book of demons,369.0,0.0
borderlands,2464.0,0.0
borderlands 2,764.0132575757575,0.0
borderlands 3,3684.1000000000004,50000.0
borderlands: the handsome collection,179.0,0.0
borderlands: the pre-sequel,399.0,0.0
boxing fight,2014.0,0.0
bpm: bullets per minute,985.0,0.0
brain age: train your brain in minutes a day!,232.0,0.0
bramble: the mountain king,1858.0,0.0
brawl of ages,204.0,0.0
brawl stars,1419.8647095959595,8141511.8
brawlhalla,1714.3385693671407,3596607.7399999998
bread & fred,956.0,0.0
breakaway,189.0,0.0
breaking point,245.0,0.0
breathedge,869.3333333333334,0.0
bridge constructor portal,647.5,0.0
brotato,2137.6666666666665,0.0
brothers: a tale of two sons,346.0,0.0
buckshot roulette,1574.3333333333333,0.0
bugsnax,2475.0,0.0
bully: scholarship edition,819.6666666666666,0.0
bunny garden,1114.0,0.0
bus simulator 18,465.0,0.0
business tour,1610.0,0.0
cadence of hyrule: crypt of the necrodancer featuring the legend of zelda,1596.0,0.0
cafe owner simulator,1016.0,0.0
call of cthulhu,990.5,0.0
call of duty,3074.9444444444443,0.0
call of duty 2,259.0,1073.91
call of duty 4: modern warfare,361.6666666666667,0.0
call of duty: black ops,288.25,0.0
call of duty: black ops 4,11462.00946969697,6742438.95
call of duty: black ops 6,9757.0,0.0
call of duty: black ops cold war,9723.75,6549000.0
call of duty: black ops ii,1004.7233333333334,0.0
call of duty: black ops iii,3049.860966810967,3862185.84
call of duty: ghosts,759.5,0.0
call of duty: infinite warfare,3601.65,4166705.06
call of duty: mobile,1016.5055555555556,8364832.75
call of duty: modern warfare,8193.843434343435,7152172.0
call of duty: modern warfare 2,474.1666666666667,4200.0
call of duty: modern warfare 3,1765.0,0.0
call of duty: modern warfare ii,26975.056818181816,6121126.9
call of duty: modern warfare iii,20826.944444444445,6020000.0
call of duty: modern warfare remastered,2209.811111111111,0.0
call of duty: vanguard,9978.5,6321000.0
call of duty: warzone,56547.46388888889,12904809.95
call of duty: warzone 2.0,1083.0,0.0
call of duty: warzone mobile,1085.0,0.0
call of duty: wwii,5240.75,4578021.0
call of the sea,694.0,0.0
captain tsubasa: rise of new champions,1198.5,0.0
car mechanic simulator 2018,430.0,0.0
car mechanic simulator 2021,1039.0,0.0
card shark,880.0,0.0
cardlife,371.0,0.0
cards against humanity,128.0,0.0
carrion,1544.0,0.0
casino,14743.714285714286,0.0
casino games,389.6,0.0
casino jackpot,20674.1,0.0
casino simulator,2671.25,0.0
casino slot machine,19422.0,0.0
casino_old,3835.5,0.0
castlevania,234.0,0.0
castlevania: rondo of blood,313.0,0.0
castlevania: symphony of the night,286.0,0.0
cat goes fishing,234.0,0.0
catherine,439.3333333333333,180.0
catherine: full body,562.0,185.0
celeste,869.4166666666666,0.0
chained together,9307.25,0.0
chernobylite,880.75,0.0
chess,5586.344356261023,0.0
children of morta,548.0,0.0
chilla's art: the kidnap,1602.0,0.0
chimeraland,1140.0,0.0
chivalry 2,1969.8888888888887,0.0
choice chamber,170.0,0.0
choo-choo charles,3932.0,0.0
chowderchu,237.0,0.0
chronicle: runescape legends,158.0,0.0
chrono trigger,828.0,0.0
chuchel,328.0,0.0
citadel: forged with fire,680.5,0.0
cities: skylines,744.4134920634921,0.0
cities: skylines ii,5615.0,0.0
clash of clans,974.8285714285714,5775742.37
clash royale,2617.775084175084,9059840.93
clop,708.0,0.0
close to the sun,461.0,0.0
clubhouse games: 51 worldwide classics,1387.5,0.0
clustertruck,317.0,0.0
code vein,2591.6666666666665,0.0
codenames,1161.8333333333333,0.0
comedy night,390.5,0.0
command & conquer remastered collection,1612.0,0.0
company of heroes 2,229.88888888888889,7956.219999999999
company of heroes 3,1440.0,0.0
conan exiles,2255.75,0.0
conarium,201.0,0.0
concord,1722.0,0.0
condemned: criminal origins,210.0,0.0
conqueror's blade,1093.0104166666665,0.0
construction simulator,1846.0,0.0
construction simulator 2015,143.0,0.0
content warning,6928.5,0.0
contraband police,3325.5,0.0
control,1032.75,0.0
"cook, serve, delicious! 2!!",264.0,0.0
cookie run: kingdom,1338.0,0.0
cooking simulator,1700.0,0.0
core keeper,2906.75,0.0
corpse party,337.0,0.0
cosmos,463.0,0.0
cossacks 3,266.0,0.0
counter-strike,74317.81746031746,0.0
counter-strike 1.6,732.0,0.0
counter-strike 2 limited test,9882.25,0.0
crab champions,2309.0,0.0
crab game,4479.666666666666,45950.0
craftopia,1013.0,0.0
crash bandicoot,538.0,0.0
crash bandicoot 2: cortex strikes back,293.0,0.0
crash bandicoot 4: it's about time,4665.0,0.0
crash bandicoot n. sane trilogy,1065.5555555555557,0.0
crash team racing nitro-fueled,1961.0,0.0
crea,247.0,0.0
creative,5512.425925925926,0.0
creativedestruction,621.3333333333334,0.0
cricket,2110.0,0.0
crime scene cleaner,2142.0,0.0
crimson snow,919.0,0.0
crisis core: final fantasy vii - reunion,3041.0,0.0
crosscode,435.5,0.0
crossout,344.0,0.0
crow country,1083.0,0.0
crowfall,1630.0,0.0
crsed: f.o.a.d.,1075.0,0.0
crucible,3164.0,0.0
crunchyroll anime awards,598.0,0.0
crusader kings ii,166.0,0.0
crusader kings iii,3096.555555555555,0.0
crypto,1977.8648148148147,0.0
cs2,4531.333333333333,5858689.96
csgo,68367.28958333333,152845326.9
cube escape: paradox,383.0,0.0
cube world,1186.0,0.0
cult of the lamb,3508.5055555555555,0.0
cuphead,1342.0357142857142,0.0
curse of the dead gods,1205.0,0.0
cyberpunk 2077,7975.0620748299325,0.0
cyphers,1226.0,0.0
dale & dawson stationery supplies,6388.0,0.0
danganronpa 2: goodbye despair,490.5,0.0
danganronpa v3: killing harmony,1100.0,0.0
danganronpa: trigger happy havoc,644.8333333333334,0.0
dark and darker,9571.785714285716,0.0
dark and light,1588.0,0.0
dark roll: free kick challenge,1437.0,0.0
dark souls,2025.0119047619046,0.0
dark souls ii,1089.4265873015875,0.0
dark souls ii: scholar of the first sin,829.4998453927026,0.0
dark souls iii,2837.8157407407407,0.0
dark souls: remastered,1288.7777777777778,0.0
darkest dungeon,1257.6233766233765,0.0
darkest dungeon ii,8812.5,0.0
darksiders genesis,854.0,0.0
darksiders ii,325.0,0.0
darksiders iii,1725.0,0.0
darkwood,763.0,0.0
darwin project,1186.6,0.0
dating simulator,1101.0,0.0
dauntless,1667.2777777777776,0.0
dave the diver,2759.833333333333,0.0
dawn of man,825.0,0.0
daymare: 1998,522.0,0.0
days gone,2728.4444444444443,0.0
dayz,4657.274691358024,0.0
dc universe online,275.0,0.0
dead by daylight,18888.29894179894,60000.0
dead cells,880.7777777777777,0.0
dead island 2,7620.5,0.0
dead or alive 6,898.0,72206.54000000001
dead rising,258.0,0.0
dead rising 2,333.0,0.0
dead rising 4,1422.0,0.0
dead rising deluxe remaster,2297.0,0.0
dead signal,1595.0,0.0
dead space,2957.5,0.0
dead space 2,454.0,0.0
dead space 3,249.0,0.0
deadlock,23009.5,12610.0
deadside,1922.0,0.0
death must die,1203.0,0.0
death road to canada,287.0,0.0
death stranding,4394.666666666667,0.0
death stranding: directorâ€™s cut,1103.0,0.0
death's door,1817.0,0.0
death's gambit,1179.0,0.0
deathgarden: bloodharvest,914.6666666666667,0.0
deathloop,7350.0,0.0
deceit,659.575,0.0
deceit 2,800.0,0.0
deceive inc.,1711.6666666666667,0.0
deep rock galactic,1018.0,0.0
deep rock galactic: survivor,4298.5,0.0
defunct,220.0,0.0
delta force,12979.0,0.0
deltarune: chapter 1,816.0,0.0
demon slayer -kimetsu no yaiba- the hinokami chronicles,2209.0,0.0
demon's souls,2938.94,0.0
demonologist,2113.0,0.0
deponia doomsday,402.0,0.0
descenders,371.0,0.0
desolate,447.0,0.0
desperados iii,1252.0,0.0
destiny,7771.013888888889,0.0
destiny 2,9807.421626984127,0.0
destiny child,152.0,0.0
destroy all humans!,1485.0,0.0
destruction allstars,1258.0,0.0
detention,831.0,0.0
detroit: become human,1507.0105442176869,0.0
deus ex,361.0,0.0
deus ex: human revolution - director's cut,423.5,0.0
deus ex: mankind divided,1776.0,0.0
devil daggers,242.0,0.0
devil may cry,404.0,0.0
devil may cry 3: special edition,442.0,0.0
devil may cry 4: special edition,678.0,0.0
devil may cry 5,2558.75,0.0
devil may cry hd collection,318.0,0.0
devotion,2556.0,0.0
devour,1446.4666666666665,0.0
diablo,356.5,0.0
diablo ii,1676.9583333333335,0.0
diablo ii: lord of destruction,780.0572727272727,0.0
diablo ii: resurrected,5620.4111111111115,0.0
diablo iii,2051.2925084175085,0.0
diablo immortal,8760.5,0.0
diablo iv,14713.666666666666,0.0
diabotical,854.0,103859.92
dicey dungeons,828.5,0.0
die young,223.0,0.0
digimon story cyber sleuth,261.0,0.0
digimon story: cyber sleuth - hacker's memory,467.0,0.0
digimon survive,955.0,0.0
digimon world: next order,228.0,0.0
dinkum,1648.5,0.0
dirt rally,156.0,0.0
disc jam,279.5,0.0
disco elysium,593.0,0.0
dishonored,325.25,0.0
dishonored 2,1762.0,0.0
dishonored: death of the outsider,438.0,0.0
disney dreamlight valley,1969.5,0.0
divinity: original sin,383.25,0.0
divinity: original sin ii,1084.836111111111,0.0
djs,8117.0,0.0
dko: divine knockout,2040.0,0.0
dnc 2016,488.0,0.0
dnf duel,1498.5,28595.480000000003
doctor who pinball,2837.0,0.0
dofus,1053.9303992303992,0.0
doki doki literature club plus!,1415.0,0.0
doki doki literature club!,824.0,0.0
dome keeper,1738.5,0.0
domina,542.6666666666666,0.0
don't scream,1866.5,0.0
don't starve,260.625,0.0
don't starve together,886.9461199294533,0.0
donkey kong 64,483.6666666666667,0.0
donkey kong country,385.0,0.0
donkey kong country 2: diddy's kong quest,425.0,0.0
donkey kong country 3: dixie kong's double trouble!,566.0,0.0
donkey kong country: tropical freeze,365.5,0.0
doom,651.2222222222223,0.0
doom 3,157.0,0.0
doom eternal,2657.0714285714284,0.0
dota underlords,2311.5714285714284,26024.18
dota2,58927.41975308642,304658018.46
dragalia lost,607.0,0.0
dragon age: inquisition,1101.0,0.0
dragon age: origins,905.0,0.0
dragon ball,1974.25,0.0
dragon ball fighterz,1308.0527777777777,448199.13
dragon ball z dokkan battle,596.25,0.0
dragon ball z: kakarot,6924.5,0.0
dragon ball: the breakers,1846.0,0.0
dragon ball: xenoverse 2,581.3333333333334,0.0
dragon quest builders,348.0,0.0
dragon quest builders 2,832.6666666666666,0.0
dragon quest heroes ii,159.0,0.0
dragon quest iv,814.2222222222223,0.0
dragon quest monsters: the dark prince,4007.0,0.0
dragon quest x online,859.0,0.0
dragon quest xi s: echoes of an elusive age - definitive edition,1003.0,0.0
dragon quest xi: echoes of an elusive age,1532.0,0.0
dragon's dogma ii,11636.0,0.0
dragon's dogma: dark arisen,946.5,0.0
dragonheir: silent gods,1046.0,0.0
drawful 2,351.0,0.0
dread hunger,2026.1,0.0
dreadnought,342.5,0.0
dreadout 2,574.0,0.0
dream daddy: a dad dating simulator,732.0,0.0
dreams,1095.0,0.0
dredge,2759.5,0.0
dropzone,179.0,0.0
drug dealer simulator,3003.0,0.0
duelyst,355.44444444444446,0.0
duke nukem forever,243.0,0.0
dungeon fighter online,1248.0,0.0
dungeon hunter champions,273.0,0.0
dungeon of the endless,251.0,0.0
dungeonborne,5339.333333333333,0.0
dungeons & dragons,2049.896011396011,0.0
dungeons & dragons: dark alliance,2736.0,0.0
dungreed,1852.0,0.0
duplicate sleepers,2891.0,0.0
dwarf fortress,4025.0,0.0
dying light,971.6357142857142,0.0
dying light 2: stay human,7318.166666666667,0.0
dying light: bad blood,820.0,0.0
dynasty warriors 9,302.0,0.0
dyson sphere program,1330.0,0.0
e3,2133.0,0.0
e3 2016,18866.0,0.0
e3 2017,19933.0,0.0
e3 2018,32627.0,0.0
ea fc,37004.51388888889,7356431.340000001
ea sports college football 25,6560.666666666667,0.0
ea sports fc 25,43386.0,0.0
ea sports fc online,1513.5,191089.21000000002
ea sports ufc 2,873.0,0.0
ea sports ufc 3,870.6666666666667,0.0
ea sports ufc 4,3033.0,0.0
earth defense force 5,459.0,0.0
earthbound,977.0,0.0
earthfall,440.0,0.0
ebaseball pawafuru puroyakyu 2022,3047.5,0.0
ebaseball powerful pro yaky<u+016b> 2020,3652.0,0.0
eco,1339.0833333333333,0.0
efootball 2022,1807.0,0.0
efootball pes 2020,907.5,0.0
el chavo,1133.75,0.0
elden ring,20818.28787878788,0.0
elex,1134.5,0.0
elex ii,1553.0,0.0
elite: dangerous,533.7343434343435,0.0
elyon,2098.0,0.0
enlisted,5641.333333333333,0.0
enotria: the last song,2569.0,0.0
enshrouded,5701.0,0.0
enter the gungeon,1042.4166666666665,0.0
epic seven,1069.638528138528,0.0
escape from tarkov,23671.814814814818,114600.0
escape from tarkov: arena,7813.25,0.0
escape simulator,1300.5,0.0
escape the backrooms,1323.0,0.0
eternal card game,524.2113636363636,0.0
eternal return,2749.942775974026,0.0
eternal return: black survival,6520.566666666667,0.0
euro truck simulator 2,1091.1543209876543,0.0
europa universalis iv,533.4782828282828,0.0
eve online,739.6464646464647,0.0
event[0],215.0,0.0
everquest,584.5,0.0
everspace,196.0,0.0
everybody's golf,320.0,0.0
evil dead: the game,4947.0,0.0
evil genius 2: world domination,1401.0,0.0
evil west,1494.0,0.0
evoland 2,205.0,0.0
evolve,1213.3333333333333,0.0
exanima,342.5,0.0
exoprimal,1851.0,0.0
expeditions: rome,1438.0,0.0
exploration,317.0,0.0
extra life,587.0,0.0
f-zero 99,2114.5,0.0
f-zero gx,422.0,0.0
f1 2016,167.5,0.0
f1 2017,323.5,0.0
f1 2019,1995.4166666666667,538047.38
f1 2020,2361.25,752235.0
f1 2021,3445.666666666667,765939.0
f1 22,2263.057142857143,750324.0
f1 23,1739.0666666666666,0.0
f1 24,1324.5,0.0
f1 manager 2022,2789.5,0.0
f1 manager 2023,1558.0,0.0
factorio,610.5920634920635,0.0
fae farm,2170.0,0.0
faeria,405.5,0.0
fall guys,7104.898148148149,6000.0
fall guys: ultimate knockout,23277.833333333332,0.0
fallout,736.0,0.0
fallout 3,794.1666666666666,0.0
fallout 4,1214.7604166666665,0.0
fallout 76,3227.6041666666665,0.0
fallout: new vegas,821.2833333333332,0.0
far cry 4,222.0,0.0
far cry 5,6697.333333333333,0.0
far cry 6,7736.0,0.0
far cry new dawn,1828.5,0.0
far cry: primal,1426.6666666666667,0.0
far: lone sails,539.0,0.0
farlight 84,2183.8,0.0
farm together,314.5,0.0
farmer's dynasty,314.0,0.0
farming simulator 15,287.3,0.0
farming simulator 17,601.9722222222223,0.0
farming simulator 19,1324.373106060606,571833.8799999999
farming simulator 22,2243.409722222222,181663.39
farthest frontier,2720.0,0.0
fate seeker,332.0,0.0
fate/extella: the umbral star,219.0,0.0
fate/grand order,511.5416666666667,0.0
fear the wolves,355.0,0.0
fears to fathom: carson house,1541.0,0.0
fears to fathom: ironbark lookout,2770.0,0.0
fears to fathom: woodbury getaway,3685.0,0.0
feign,1307.0,0.0
fields of mistria,1292.0,0.0
fifa 16,4879.666666666667,95694.5
fifa 17,4653.159722222223,1487809.0799999998
fifa 18,10303.180555555555,2233697.69
fifa 19,16839.597222222223,3276362.79
fifa 20,26638.975,2598643.56
fifa 21,45489.02777777778,4733259.11
fifa 22,43529.86111111111,4575674.029999999
fifa 23,38743.86111111111,6197022.16
fifa online 4,1359.25,2473039.25
final fantasy,909.0,0.0
final fantasy iv,497.25,0.0
final fantasy ix,764.25,0.0
final fantasy tactics: the war of the lions,182.0,0.0
final fantasy v,196.0,0.0
final fantasy vi,929.5,0.0
final fantasy vii,800.3006628787879,0.0
final fantasy vii rebirth,6075.25,0.0
final fantasy vii remake,3417.275,0.0
final fantasy viii,1102.5,0.0
final fantasy x,831.0,0.0
final fantasy x/x-2 hd remaster,424.0,0.0
final fantasy xi,607.75,0.0
final fantasy xii,238.0,0.0
final fantasy xii: the zodiac age,1117.0,0.0
final fantasy xiv online,5645.526041666667,0.0
final fantasy xiv: heavensward,656.625,0.0
final fantasy xv,1512.9166666666667,0.0
final fantasy xvi,5213.833333333333,0.0
finding bigfoot,436.0,0.0
fire emblem echoes: shadows of valentia,184.0,0.0
fire emblem engage,2443.0,0.0
fire emblem fates: special edition,218.0,0.0
fire emblem heroes,278.0,0.0
fire emblem: path of radiance,317.0,0.0
fire emblem: the blazing blade,280.75,0.0
fire emblem: the sacred stones,315.0,0.0
fire emblem: three houses,1713.6666666666667,0.0
firefighting simulator,1021.0,0.0
firewatch,2257.0,0.0
first class trouble,2368.0,0.0
fist of the north star: lost paradise,2087.0,0.0
fitness & health,1400.0505952380952,0.0
five dates,822.0,0.0
five nights at freddy's,805.0,0.0
five nights at freddy's 2,1160.0,0.0
five nights at freddy's: into the pit,2430.0,0.0
five nights at freddy's: security breach,4278.333333333333,0.0
five nights at freddy's: sister location,257.0,0.0
food & drink,2249.940476190476,0.0
food truck simulator,982.0,0.0
football manager 2017,466.75,0.0
football manager 2018,648.125,0.0
football manager 2019,843.1041666666667,0.0
football manager 2020,1647.388888888889,0.0
football manager 2021,2148.0,0.0
football manager 2022,1776.107142857143,0.0
football manager 2023,1909.9166666666665,0.0
football manager 2024,1557.6666666666665,0.0
for honor,1450.775441919192,0.0
for the king,1047.5,0.0
for the king ii,2078.0,0.0
forager,1331.0,0.0
forced showdown,226.0,0.0
forspoken,4513.0,0.0
fortnite,92210.13541666667,191012698.69
fortnite zero build,1807.5,0.0
forts,618.5,0.0
forza horizon 3,449.125,0.0
forza horizon 4,927.1077380952381,0.0
forza horizon 5,4995.833333333333,25000.0
forza motorsport,1959.0,0.0
forza motorsport 6,292.0,39850.0
forza motorsport 7,312.0,0.0
foundation,465.0,0.0
foxhole,1266.4166666666667,0.0
freedom planet,301.0,0.0
friday night funkin',1160.0,0.0
friday the 13th: the game,2131.3981481481483,0.0
friends marble,1803.0,0.0
frostpunk,1003.0833333333334,0.0
frostpunk 2,4063.0,0.0
ftl: faster than light,415.37555555555554,0.0
furi,1015.0,0.0
game & wario,171.0,0.0
games + demos,2954.375140291807,0.0
gamescom 2017,1239.0,0.0
gang beasts,574.875,0.0
garena free fire,4557.659722222223,0.0
garry's mod,1040.6100048100047,0.0
gartic phone,2081.590909090909,0.0
gartic show,824.0,0.0
gas station simulator,1778.3333333333333,0.0
gears 5,1341.7583333333334,2308920.0
gears of war 4,855.9166666666666,3142785.0
gears of war: ultimate edition,293.42857142857144,170000.0
gears tactics,1438.0,0.0
generation zero,396.0,0.0
genshin impact,15037.463333333333,0.0
geoguessr,1314.0532407407409,74653.5
geometry dash,236.35416666666666,0.0
get even,308.0,0.0
getting over it with bennett foddy,1835.625,0.0
ghost hunters corp,2445.0,0.0
ghost of a tale,260.5,0.0
ghost of tsushima,3355.555555555555,0.0
ghost of tsushima: director's cut,1257.0,0.0
ghost watchers,1895.0,0.0
ghostbusters,223.0,0.0
ghostbusters: spirits unleashed,1116.0,0.0
ghostrunner,1339.5,0.0
ghosts 'n goblins resurrection,1164.0,0.0
ghostwire: tokyo,3115.0,0.0
gigantic,907.0,0.0
girls' frontline,355.6666666666667,0.0
glitchcon,3214.0,0.0
goat simulator,133.0,0.0
goat simulator 3,1051.0,0.0
god eater 3,406.0,0.0
god of war,2298.1957671957675,0.0
god of war collection,450.0,0.0
god of war ii,745.0,0.0
god of war iii,713.0,0.0
god of war ragnarã¶k,11257.833333333334,0.0
god's basement,485.0,0.0
goddess of victory: nikke,1652.888888888889,0.0
godfall,3824.0,0.0
going medieval,1755.0,0.0
gold rush: the game,638.0,0.0
golf gang,1646.0,0.0
golf it!,750.686507936508,0.0
golf story,216.0,0.0
golf with your friends,846.0328282828283,19400.0
golfing over it with alva majo,1732.0,0.0
google go,170.0,0.0
goose goose duck,1533.875,0.0
gotham knights,3695.0,0.0
gothic ii: night of the raven,589.5,0.0
gran turismo 7,3043.6666666666665,10584.8
gran turismo sport,345.25,10080.0
granblue fantasy versus: rising,1668.0,154742.8
granblue fantasy: relink,5312.0,0.0
granblue fantasy: versus,1715.0,106280.94
grand chase,2096.0,0.0
grand theft auto iii,291.0,0.0
grand theft auto iii: the definitive edition,944.0,0.0
grand theft auto iv,779.6666666666666,0.0
grand theft auto v,99826.03086419753,0.0
grand theft auto: san andreas,914.5350408850409,0.0
grand theft auto: san andreas – the definitive edition,2402.5,0.0
grand theft auto: vice city,420.5,0.0
grand theft auto: vice city – the definitive edition,2036.0,0.0
granny,973.5,0.0
graveyard keeper,1326.875,0.0
gray zone warfare,8001.5,0.0
greedfall,2538.0,0.0
green hell,1471.2708333333335,0.0
grid 2,237.0,0.0
griftlands,710.0,0.0
grim dawn,495.25,0.0
grime,1015.0,0.0
gris,880.0,0.0
grounded,2063.346666666667,0.0
gtfo,1310.6666666666667,0.0
guacamelee! gold edition,314.0,0.0
guild wars 2,1033.042480359147,300000.0
guilty gear xrd rev 2,413.25,62117.64
guilty gear xrd: revelator,256.125,0.0
guilty gear: strive,1687.4194444444445,0.0
guitar hero iii: legends of rock,237.0,0.0
gundam evolution,4141.666666666667,0.0
gunfire reborn,1077.5,0.0
gwent: the witcher card game,1208.1738095238095,0.0
gym simulator 24,818.0,0.0
hades,1671.3253968253969,0.0
hades ii,8088.0,0.0
halcyon 6: starbase commander,162.0,0.0
half dead 2,408.0,0.0
half life 2: survivor,538.0,0.0
half sword,3771.0,0.0
half-life 2,441.0,0.0
half-life: alyx,3552.0,0.0
halls of torment,2143.0,0.0
halo 2,470.0,0.0
halo 4,406.0,0.0
halo 5: guardians,1032.7222222222222,7094240.029999999
halo infinite,4832.1,7028555.03
halo online,314.0,0.0
halo wars 2,376.0,0.0
halo: combat evolved,342.0,0.0
halo: reach,744.0,50000.0
halo: the master chief collection,1154.714962121212,0.0
hand of fate,269.0,0.0
hand of fate 2,1121.5,0.0
hand simulator,511.1666666666667,0.0
hans,999.0,0.0
happy's humble burger farm,1952.0,0.0
harvester,217.0,0.0
have a nice death,943.0,0.0
hawked,1051.0,0.0
hay day,901.0,0.0
headbangers: rhythm royale,1082.0,0.0
hearthstone,32331.58024691358,27211530.400000002
hearts of iron iv,682.6690476190477,0.0
heave ho,326.0,0.0
heavy rain,513.0,0.0
hell let loose,699.3333333333334,0.0
hellblade: senua's sacrifice,1116.0,0.0
helldivers 2,10565.166666666666,0.0
hello neighbor,617.5,0.0
hello neighbor 2,1602.0,0.0
hellpoint,1309.0,0.0
heroes of hammerwatch,649.0,0.0
heroes of might and magic iii: the restoration of erathia,3434.583333333333,0.0
heroes of might and magic iii: the shadow of death,1184.360101010101,0.0
heroes of might and magic v: tribes of the east,516.0,0.0
heroes of newerth,315.49242424242425,521594.58999999997
heroes of the storm,3409.3460317460317,15993492.2
hex: shards of fate,217.66666666666666,0.0
hexen: beyond heretic,232.0,0.0
hi-fi rush,1889.5,0.0
hidden agenda,385.0,0.0
hide or die,390.0,0.0
high on life,3761.0,0.0
hitman,595.25,0.0
hitman 2,1877.0,0.0
hitman 3,3000.0,0.0
hitman world of assassination,2249.125,0.0
hitman: absolution,297.0,0.0
hitman: blood money,126.0,0.0
hivemind gameshow,1158.0,0.0
hob,206.0,0.0
hobo: tough life,1572.0,0.0
hogwarts legacy,13118.9,0.0
hokuto no ken 2,312.0,0.0
holdfast: nations at war,698.0,0.0
hollow cocoon,1085.0,0.0
hollow knight,971.3880095598845,0.0
holocure: save the fans!,1137.0,0.0
home run derby vr,362.0,0.0
home sweet home,593.0,0.0
home sweet home: survive,2867.0,0.0
homefront: the revolution,456.0,0.0
honkai: star rail,6811.3388888888885,0.0
hood: outlaws & legends,4628.0,0.0
hooked on you: a dead by daylight dating sim,1060.0,0.0
horizon forbidden west,2764.3333333333335,0.0
horizon zero dawn,2609.277777777778,0.0
horror stories,167.0,0.0
hospital 666,1358.0,0.0
hot lava,588.0,0.0
hot wheels unleashed,1205.0,0.0
house flipper,850.25,0.0
house flipper 2,3719.0,0.0
house party,313.0,0.0
human: fall flat,579.9166666666666,0.0
humankind,3650.0,0.0
hunt: showdown,3010.2444444444445,0.0
hunt: showdown 1896,5480.388888888889,0.0
hurtworld,293.0,0.0
hyper light drifter,356.0,0.0
hyper scape,8560.0,299000.0
hyrule warriors: age of calamity,1668.0,0.0
i am fish,2946.0,0.0
i am setsuna,215.0,0.0
i wanna be the boshy,869.9166666666666,0.0
i wanna be the guy,187.0,0.0
i'm on observation duty 5,1027.0,0.0
i'm on observation duty 6,808.0,0.0
i'm only sleeping,6598.579861111111,0.0
icarus,3455.0,0.0
identity v,361.0,55489.27
idol manager,1440.0,0.0
iji,241.0,0.0
illusion of gaia,271.0,0.0
imdb live viewing party,661.0,0.0
immortal redneck,541.0,0.0
immortal: unchained,595.0,0.0
immortals fenyx rising,3274.5,0.0
immortals of aveum,1573.0,0.0
imperator: rome,1056.0,0.0
in silence,2446.5,0.0
in sound mind,1112.0,0.0
inazuma eleven go: chrono stones - wildfire,1167.0,0.0
inazuma eleven go: shadow,1759.0,0.0
indika,2146.0,0.0
indivisible,843.0,0.0
infestation: survivor stories,227.5,0.0
infestation: the new z,528.5333333333333,0.0
infinite craft,1353.0,0.0
infliction,564.0,0.0
injustice 2,708.3888888888889,835837.16
inscryption,1835.0,0.0
inside,1354.0,0.0
inside the backrooms,1408.3333333333333,0.0
insurgency: sandstorm,824.0,0.0
internet cafe simulator,977.0,0.0
internet cafe simulator 2,5667.0,0.0
into the breach,944.0,0.0
intruder,345.0,0.0
inzoi,1075.0,0.0
iracing,1266.4814814814815,0.0
iratus: lord of the dead,645.0,0.0
irl,20243.42777777778,0.0
islands of nyne: battle royale,864.3333333333334,0.0
it takes two,2610.126984126984,0.0
ixion,1393.0,0.0
jackbox party packs,999.484090909091,0.0
jagged alliance 3,2036.0,0.0
jak and daxter: the precursor legacy,229.0,0.0
jet set radio future,362.0,0.0
jikkyou powerful pro yakyuu 2018,348.5,0.0
jojo's bizarre adventure,328.0,0.0
journey to the savage planet,687.5,0.0
judgement,1176.5,0.0
judgment,1012.5,0.0
judgment: apocalypse survival simulation,325.0,0.0
jump force,2474.0,0.0
jump king,2195.247619047619,0.0
jurassic world evolution,5025.0,0.0
jurassic world evolution 2,3521.0,0.0
just cause 3,290.0,0.0
just cause 4,2314.0,0.0
just chatting,251760.79365079364,0.0
just dance 2017,214.83333333333331,0.0
just dance 2018,310.66666666666663,0.0
just dance 2019,487.08333333333337,0.0
just dance 2020,407.0,0.0
just dance 2022,1019.0,0.0
just survive,234.25,0.0
kageroh: shadow corridor,853.0,0.0
kantai collection,327.4166666666667,0.0
karaoke,223.0,0.0
kartrider,628.7142857142857,220394.35
kartrider: drift,1339.2,0.0
katamari damacy,469.0,0.0
katana zero,924.0,0.0
kebab chefs!: restaurant simulator,2431.0,0.0
kena: bridge of spirits,3125.5,0.0
kenshi,908.8125,0.0
kerbal space program,433.60416666666663,0.0
kerbal space program 2,939.0,0.0
killer frequency,1030.0,0.0
killer instinct,355.125,0.0
killer klowns from outer space: the game,2068.0,0.0
killing floor 2,286.0,0.0
kindergarten,349.0,0.0
king arthur: knight's tale,1149.0,0.0
king of crabs,772.0,0.0
king of the castle,859.0,0.0
kingdom come: deliverance,1665.7142857142858,0.0
kingdom hearts hd 1.5 + 2.5 remix,1722.8916666666667,0.0
kingdom hearts hd 1.5 remix,954.0,0.0
kingdom hearts ii,642.0,0.0
kingdom hearts iii,1611.9,0.0
kingdom of the winds,704.0,0.0
kingdom two crowns,620.0,0.0
kingdom under fire ii,523.0,0.0
kingdom: new lands,276.0,0.0
kingdoms and castles,428.0,0.0
kingdoms of amalur: reckoning,1706.0,0.0
kings league,14010.333333333334,0.0
kirby 64: the crystal shards,424.0,0.0
kirby and the forgotten land,3626.0,0.0
kirby star allies,524.0,0.0
kirby super star,362.0,0.0
kirby's dream land 3,461.0,0.0
kirby: nightmare in dream land,316.0,0.0
kirby: planet robobot,335.0,0.0
kirby: squeak squad,403.0,0.0
knight online,1022.2297258297258,0.0
knock on the coffin lid,1502.0,0.0
knockout city,4605.333333333333,0.0
kona,199.0,0.0
korean baseball league,1838.142857142857,0.0
krunker,1310.5,0.0
l.a. noire,812.0,0.0
last day on earth: survival,1144.6666666666667,0.0
last epoch,5148.0,0.0
last oasis,4871.666666666667,0.0
last tide,479.0,0.0
last year,1122.5,0.0
late shift,444.25,0.0
lawbreakers,282.5,0.0
layers of fear,964.6666666666666,0.0
layers of fear 2,910.3333333333334,0.0
league of legends: wild rift,2182.911111111111,19482174.08
left 4 dead,357.0,0.0
left 4 dead 2,813.8520833333333,0.0
legend of mortal,925.0,0.0
legends of runeterra,3280.7416666666663,718091.03
legion td 2,1395.5,0.0
lego star wars: the complete saga,397.0,0.0
lego star wars: the force awakens,134.0,0.0
lego star wars: the skywalker saga,5432.0,0.0
lego the lord of the rings,192.0,0.0
lego worlds,190.0,0.0
let it die,1783.5,0.0
lethal company,17996.36111111111,0.0
lies of p,5365.25,0.0
life is feudal: mmo,469.25,0.0
life is strange,607.2708333333334,0.0
life is strange 2,570.375,0.0
life is strange: before the storm,629.1666666666666,0.0
life is strange: true colors,4587.0,0.0
like a dragon gaiden: the man who erased his name,3667.0,0.0
like a dragon: infinite wealth,2808.75,0.0
like a dragon: ishin!,2645.5,0.0
line of sight,200.0,0.0
lineage 2,1418.2083333333335,0.0
lineage 2: revolution,707.0,0.0
lineage 2m,1743.0,0.0
lineage ii,1866.909090909091,0.0
lineage ii: the chaotic throne - the 1st throne: the kamael,1411.4666666666667,0.0
lineage m,555.0,0.0
lineage w,2147.5,0.0
lineage: the blood pledge,735.0,0.0
"little kitty, big city",1548.0,0.0
little misfortune,944.0,0.0
little nightmares,1395.125,0.0
little nightmares ii,4716.5,0.0
littlebigplanet 2,323.0,0.0
live,1202.095238095238,0.0
lockdown protocol,3379.5,0.0
lol,147528.20679012345,86676191.28999999
london 2012: the official video game,382.0,0.0
loop hero,8370.0,0.0
lords of the fallen,15215.0,0.0
lost ark,10848.053472222222,0.0
lost in random,1002.0,0.0
lost judgment,1995.1666666666667,0.0
luigi's mansion,299.0,0.0
luigi's mansion 3,1838.0,0.0
m.u.g.e.n,467.2366666666667,0.0
mad games tycoon 2,1227.0,0.0
mad max,288.0,0.0
madden nfl 16,872.5,50000.0
madden nfl 17,1055.6285714285714,1004000.0
madden nfl 18,912.3714285714285,423676.62
madden nfl 19,1510.3333333333335,1269992.0
madden nfl 20,2474.375,923000.0
madden nfl 21,3463.5,1280000.0
madden nfl 22,2810.5666666666666,1650000.0
madden nfl 23,2783.285714285714,1700000.0
madden nfl 24,3682.2,1700000.0
madden nfl 25,3981.5,100000.0
made in abyss: binary star falling into darkness,1386.0,0.0
madison,2553.5,0.0
maelstrom,574.0,0.0
mafia,287.5,0.0
mafia ii,655.75,0.0
mafia iii,2001.0,0.0
mafia live!,248.5,0.0
mafia: definitive edition,4482.5,0.0
magic: legends,2273.0,0.0
magic: the gathering,5053.003086419753,0.0
mahjong soul,1395.0714285714284,0.0
make it meme,875.0,0.0
makers & crafting,1000.1706349206349,0.0
maneater,3250.0,0.0
manor lords,5062.0,0.0
mansions of madness,1096.0,0.0
maplestory,2123.679292929293,0.0
maplestory 2,1208.2,0.0
maplestory m,429.0,0.0
maplestory worlds,3662.0,0.0
marauders,1616.6666666666667,0.0
marble it up!,456.0,0.0
marbles on stream,1939.7420634920636,0.0
mario & luigi: superstar saga,437.5,0.0
mario & sonic at the olympic games tokyo 2020,413.0,0.0
mario + rabbids kingdom battle,1016.0,0.0
mario + rabbids sparks of hope,1437.0,0.0
mario golf: super rush,2437.0,0.0
mario kart 64,234.0,0.0
mario kart 8,1286.5765993265993,0.0
mario kart 8 deluxe,2333.3333333333335,12850.0
mario kart ds,461.0,0.0
mario party 10,366.0,0.0
mario party superstars,2183.7833333333333,0.0
mario strikers: battle league,3630.0,0.0
mario tennis aces,2780.0,0.0
mark of the ninja,225.0,0.0
martha is dead,1372.0,0.0
marvel future fight,201.0,0.0
marvel rivals,5193.333333333333,0.0
marvel snap,3600.5740740740744,0.0
marvel ultimate alliance 3: the black order,640.0,0.0
marvel vs. capcom 2: new age of heroes,1180.0,0.0
marvel vs. capcom: infinite,1314.25,67750.0
marvel's avengers,6481.5,0.0
marvel's guardians of the galaxy,3490.0,0.0
marvel's midnight suns,2673.0,0.0
marvel's spider-man,5308.5,0.0
marvel's spider-man 2,10088.5,0.0
marvel's spider-man remastered,2573.0,0.0
marvel's spider-man: miles morales,5169.5,0.0
mass effect,371.0416666666667,0.0
mass effect 2,537.6666666666667,0.0
mass effect 3,404.33333333333337,0.0
mass effect legendary edition,3416.0,0.0
mass effect: andromeda,2436.3333333333335,0.0
max payne 3,1321.0,0.0
mecha break,2127.0,0.0
mechabellum,1547.5,0.0
mechwarrior 5: mercenaries,792.0,0.0
mechwarrior online,187.0,143490.0
medieval dynasty,1390.1666666666667,0.0
medievil,408.0,0.0
meet your maker,1388.0,0.0
mega man,451.0,0.0
mega man 10,265.0,0.0
mega man 11,966.75,0.0
mega man 2,280.0,0.0
mega man battle network,1006.0,0.0
mega man legends,332.0,0.0
mega man network transmission,311.0,0.0
mega man x,263.4166666666667,0.0
mega man x2,246.5,0.0
mega man zero 2,314.0,0.0
mega man zero 3,333.0,0.0
mega man zx advent,292.0,0.0
melee combat championship,1008.0,0.0
melty blood: type lumina,1224.0,2004.59
metal gear solid,255.0,0.0
metal gear solid 2: sons of liberty,435.25,0.0
metal gear solid 3: snake eater,316.5,0.0
metal gear solid 4: guns of the patriots,186.0,0.0
metal gear solid v: the phantom pain,252.58928571428572,0.0
metal gear solid: peace walker,129.0,0.0
metal gear survive,1178.0,0.0
metal: hellsinger,1842.0,0.0
metin2,940.4522927689593,0.0
metro 2033,415.0,0.0
metro exodus,2380.5,0.0
metro sim hustle,347.0,0.0
metro: last light,480.5,0.0
metroid dread,3852.5,0.0
metroid fusion,357.5,0.0
metroid prime,356.0,0.0
metroid prime 2: echoes,399.0,0.0
metroid prime 3: corruption,642.0,0.0
metroid prime remastered,1460.0,0.0
microsoft flight simulator,1307.6316666666667,0.0
microsoft flight simulator x,303.81458333333336,0.0
middle-earth: shadow of mordor,338.0,0.0
middle-earth: shadow of war,2032.25,0.0
midnight cinema,2112.0,0.0
midnight ghost hunt,2880.0,0.0
might & magic: elemental guardians,394.0,0.0
mighty no. 9,359.0,0.0
miitopia,1552.5,0.0
mike tyson's punch-out!!,266.0,0.0
minecraft,41264.92592592593,3008059.15
minecraft dungeons,6898.5,0.0
minecraft: legends,1705.0,0.0
minion masters,667.4,0.0
mir 4,1180.431818181818,0.0
mir tankov,1590.0,0.0
mir4,1591.388888888889,0.0
miracle snack shop,503.0,0.0
mirror's edge,291.5,0.0
mirror's edge catalyst,396.0,0.0
miscreated,855.1666666666667,0.0
mist survival,413.0,0.0
mister rogers' neighborhood,736.5,0.0
mistover,479.0,0.0
mlb 15: the show,156.0,0.0
mlb the show 16,320.8333333333333,0.0
mlb the show 17,538.75,0.0
mlb the show 18,550.8,0.0
mlb the show 19,1005.0,0.0
mlb the show 20,1671.875,0.0
mlb the show 21,2736.6666666666665,0.0
mlb the show 22,2615.0,0.0
mlb the show 23,2007.5714285714287,0.0
mlb the show 24,2076.8,0.0
mobile legends: bang bang,977.3611111111111,12351498.41
monopoly,330.0,0.0
monopoly plus,1318.7916666666667,0.0
monster hunter generations,496.6666666666667,0.0
monster hunter generations ultimate,423.3,0.0
monster hunter rise,3420.5479166666664,0.0
monster hunter stories 2: wings of ruin,4429.0,0.0
monster hunter world: iceborne,1279.5,0.0
monster hunter: world,3454.0680272108843,0.0
monster rancher 2,426.0,0.0
monster train,2451.0,0.0
monstrum,168.5,0.0
moonlighter,859.5,0.0
mordhau,2891.0,16623.0
mortal kombat 1,2551.75,344710.47
mortal kombat 11,1415.7731601731602,611478.76
mortal kombat x,508.7222222222222,330609.99
mortal online 2,1069.0,0.0
mortal shell,3135.5,0.0
motorsport manager,1840.5,0.0
mount & blade ii: bannerlord,2843.5208333333335,0.0
mount & blade: warband,847.875,0.0
mount your friends,316.0,0.0
mount your friends 3d: a hard man is good to climb,283.0,0.0
move or die,273.0,0.0
movie world,1134.0,0.0
mu legend,708.0,0.0
mu online,889.0,0.0
muck,1476.0,0.0
mudrunner,305.0,0.0
multiversus,4820.0,114202.5
murder house,817.0,0.0
music,15023.141975308643,0.0
mutant year zero: road to eden,1826.0,0.0
mxm,240.83333333333334,0.0
my friend pedro,783.5,0.0
my friendly neighborhood,1387.0,0.0
my hero ultra rumble,2778.0,0.0
my summer car,926.6770833333333,0.0
my time at portia,818.0,0.0
my time at sandrock,1158.0,0.0
my twin brother made me crossdress as him and now i have to deal with a geeky stalker and a domme beauty who want me in a bind!!,375.0,0.0
mystery science theater 3000,398.0,0.0
myth of empires,2692.0,0.0
nan,473.0,0.0
naraka: bladepoint,1791.6214285714286,4357330.52
naruto shippuden: ultimate ninja storm 3 full burst,229.0,0.0
naruto shippuden: ultimate ninja storm 4,626.5,2000.0
naruto to boruto: shinobi striker,514.0,0.0
naval action,197.0,0.0
nba 2k15,359.0,0.0
nba 2k16,2225.5555555555557,0.0
nba 2k17,3057.722222222222,0.0
nba 2k18,2222.5625,1000000.0
nba 2k19,2925.0833333333335,1330000.0
nba 2k20,6214.011111111111,250000.0
nba 2k21,10393.666666666666,1330501.0
nba 2k22,7360.5625,2650000.0
nba 2k23,6854.027777777777,2925000.0
nba 2k24,6706.1875,0.0
nba 2k25,19143.0,0.0
nba playgrounds,402.0,0.0
ncaa football 14,1216.0,0.0
necromunda: hired gun,1103.0,0.0
necropolis,564.0,0.0
need for speed,262.0,0.0
need for speed unbound,1633.5,0.0
need for speed: heat,1539.0,0.0
need for speed: payback,931.5,0.0
nekopara vol. 2,167.0,0.0
neon abyss,1206.0,0.0
neverwinter,233.0,0.0
new pok<u+00e9>mon snap,3446.0,0.0
new state mobile,928.0,0.0
new super mario bros.,229.0,0.0
new super mario bros. u,690.0,0.0
new world,15233.027777777777,0.0
new world: aeternum,4063.0666666666666,0.0
next day: survival,458.0,0.0
nhl 16,223.6,0.0
nhl 17,185.5,0.0
nhl 18,242.0,0.0
nhl 19,621.5,22566.67
nhl 20,630.3333333333333,0.0
nhl 21,847.6666666666667,0.0
nhl 22,893.0,0.0
nhl 24,792.0,0.0
ni no kuni ii: revenant kingdom,950.0,0.0
ni no kuni: cross worlds,1765.5,0.0
nickelodeon all-star brawl,5117.0,0.0
nickelodeon all-star brawl 2,976.0,0.0
nier replicant ver.1.22474487139...,3595.5,0.0
nier: automata,744.8809523809524,0.0
night crows,1889.5,0.0
night in the woods,847.5,0.0
night of the dead,1654.6666666666667,0.0
night security,1001.0,0.0
nightingale,4864.0,0.0
nine sols,1796.0,0.0
ninja gaiden black,334.5,0.0
ninja gaiden iii: the ancient ship of doom,247.0,0.0
nintendo switch sports,2030.6666666666667,0.0
nintendo world championships: nes edition,949.0,0.0
nioh,840.025,0.0
nioh 2,2541.0555555555557,0.0
nioh 2: the complete edition,2074.0,0.0
nioh_,161.0,0.0
nitro: stream racing,1235.5,0.0
no man's sky,2543.9333333333334,0.0
no rest for the wicked,6207.0,0.0
nobody wants to die,1003.0,0.0
noita,1031.8933333333332,0.0
norland,839.0,0.0
northgard,350.5,0.0
not tonight,336.0,0.0
nuclear throne,287.5,0.0
obduction,220.0,0.0
observation,984.0,0.0
observer,1091.0,0.0
octopath traveler,1268.0,0.0
octopath traveler ii,1188.5,0.0
old school musical,316.0,0.0
old school runescape,7210.579365079365,295504.2
old spice games,309.5,0.0
olympic games tokyo 2020: the official video game,1458.5,0.0
omega strikers,2987.0,0.0
once human,6343.7,0.0
one hour one life,1555.0,0.0
one piece odyssey,1530.0,0.0
onimusha: warlords,421.0,0.0
only climb: better together,1122.0,0.0
only up!,22078.0,0.0
operation: tango,1435.0,0.0
orcs must die! 2,288.0,0.0
orcs must die! 3,1321.0,0.0
orcs must die! unchained,200.0,0.0
ori and the blind forest,476.5,0.0
ori and the will of the wisps,3139.0,0.0
osiris: new dawn,198.0,0.0
osu!,1412.2530864197531,274092.83
otaku's adventure,561.0,0.0
outer wilds,873.75,0.0
outlast,548.0277777777778,0.0
outlast 2,949.0833333333334,0.0
outlast ii,640.5,0.0
outlaws of the old west,381.0,0.0
outriders,3937.75,0.0
outward,1503.75,0.0
overcooked! 2,850.8333333333334,0.0
overkill's the walking dead,1437.5,0.0
overlord ii,282.0,0.0
overwatch,23504.088023088025,35255905.38
overwatch2,33108.06878306878,12837360.04
owlboy,370.5,0.0
oxygen not included,934.2395833333333,0.0
pacific drive,2924.0,0.0
pagan online,531.0,0.0
paladins,1026.9097222222222,2490507.6
palia,2340.595238095238,0.0
palworld,15712.57142857143,0.0
panicore,1168.0,0.0
paper mario,518.0,0.0
paper mario: color splash,246.0,0.0
paper mario: the origami king,2380.5,0.0
paper mario: the thousand-year door,694.5833333333333,0.0
"papers, please",706.0,0.0
paradigm,272.0,0.0
paragon,835.0111111111111,0.0
paragon: the overprime,1239.5,0.0
parappa the rapper,172.0,0.0
parasocial,1422.0,0.0
park beyond,1112.0,0.0
parkitect,416.5,0.0
party animals,4350.233333333334,0.0
party hard tycoon,239.0,0.0
passpartout: the starving artist,442.0,0.0
path of exile,9895.138888888889,0.0
pathfinder: kingmaker,1584.25,0.0
pathfinder: wrath of the righteous,4129.0,0.0
pathologic,418.0,0.0
pawafuru puroyakyu 2024-2025,3505.6666666666665,0.0
pax dei,1573.0,0.0
payday 2,246.55555555555554,0.0
payday 3,2446.0,0.0
pc building simulator,501.0,0.0
peepo island,958.0,0.0
peggle 2,757.0,0.0
penn & teller's smoke and mirrors,939.8571428571429,0.0
pepsiman,269.0,0.0
perception,225.0,0.0
perfect world,945.0,0.0
persona 3 reload,3837.0,0.0
persona 4 golden,941.5,0.0
persona 5,771.3928571428571,0.0
persona 5 royal,1221.8333333333333,0.0
persona 5 strikers,1108.5,0.0
pga tour 2k21,1348.75,0.0
phantasmagoria,167.0,0.0
phantasy star online 2,1156.75,0.0
phantasy star online 2 new genesis,1031.0,0.0
phantom abyss,1010.0,0.0
phantom doctrine,342.0,0.0
phasmophobia,8601.983333333334,0.0
phoenix point,1967.0,0.0
phoenix wright: ace attorney <u+2212> spirit of justice,134.0,0.0
phoenix wright: ace attorney trilogy,391.0,0.0
phoenix wright: ace attorney trilogy hd,884.0,0.0
phoning home,228.0,0.0
pico park,1694.5,0.0
pico park 2,2525.0,0.0
pikmin,352.0,0.0
pikmin 4,1628.5,0.0
pillars of eternity,652.5,0.0
pillars of eternity ii: deadfire,2330.0,0.0
pinball,254.0,0.0
pineview drive,201.0,0.0
pixark,731.3333333333334,0.0
pizza connection 3,367.0,0.0
plague inc: evolved,745.5,0.0
planet coaster,1109.125,0.0
planet crafter,1291.0,0.0
planet zoo,2620.75,0.0
planetside 2,206.0,0.0
plant vs undead,1261.0,0.0
plants vs zombies: garden warfare 2,234.5,0.0
plateup!,2135.2571428571428,0.0
playerunknown's battlegrounds,31117.217171717173,0.0
pogostuck: rage with your friends,1819.6666666666667,0.0
poi,293.0,0.0
pok<u+00e9>mon black/white version 2,679.5,0.0
pok<u+00e9>mon brilliant diamond/shining pearl,26117.0,0.0
pok<u+00e9>mon crystal,622.75,0.0
pok<u+00e9>mon emerald,1033.8333333333333,0.0
pok<u+00e9>mon firered/leafgreen,1890.2222222222224,0.0
pok<u+00e9>mon go,1706.7291666666667,0.0
pok<u+00e9>mon heartgold/soulsilver,679.1666666666666,0.0
pok<u+00e9>mon mystery dungeon: rescue team dx,1330.0,0.0
pok<u+00e9>mon omega ruby/alpha sapphire,1539.8181818181818,0.0
pok<u+00e9>mon platinum,1159.8333333333333,0.0
pok<u+00e9>mon quest,395.0,0.0
pok<u+00e9>mon red/blue,286.1428571428571,0.0
pok<u+00e9>mon ruby/sapphire,529.0,0.0
pok<u+00e9>mon stadium 2,400.0,0.0
pok<u+00e9>mon sun/moon,3599.681818181818,0.0
pok<u+00e9>mon sword/shield,8935.888888888889,0.0
pok<u+00e9>mon trading card game,1106.0,0.0
pok<u+00e9>mon trading card game online,203.0,0.0
pok<u+00e9>mon ultra sun/ultra moon,1323.5277777777776,0.0
pok<u+00e9>mon unite,6783.142857142857,0.0
pok<u+00e9>mon x/y,881.0,0.0
pok<u+00e9>mon yellow,481.5,0.0
"pok<u+00e9>mon: let's go, pikachu!",8174.318181818182,0.0
poker,5921.163580246914,0.0
poker online - texas holdem,1471.0,0.0
poker online: texas holdem,2368.75,0.0
pokk<u+00e9>n tournament,594.0,0.0
pokã©mon black/white version 2,1143.0,0.0
pokã©mon brilliant diamond/shining pearl,4457.0,0.0
pokã©mon community game,5636.624338624338,0.0
pokã©mon emerald,888.0,0.0
pokã©mon emerald version,990.0,0.0
pokã©mon firered/leafgreen,1849.148148148148,0.0
pokã©mon go,1375.6666666666667,552100.0
pokã©mon heartgold/soulsilver,1347.111111111111,0.0
pokã©mon infinite fusion,1109.0,0.0
pokã©mon legends: arceus,6486.5,0.0
pokã©mon mystery dungeon: explorers of sky,2321.0,0.0
pokã©mon omega ruby/alpha sapphire,1350.0,0.0
pokã©mon platinum version,800.0,0.0
pokã©mon scarlet/violet,14513.490740740739,0.0
pokã©mon sword/shield,1279.6666666666667,0.0
pokã©mon trading card game,1207.0515873015872,0.0
pokã©mon unite,1571.277777777778,0.0
pokã©rogue,2289.6666666666665,0.0
politics,1356.321548821549,0.0
poly bridge,413.0,0.0
poly bridge 2,1851.5,0.0
poly bridge 3,1128.0,0.0
"pools, hot tubs, and beaches",5808.642361111111,0.0
poppy playtime,5392.333333333333,0.0
portal 2,409.7333333333333,0.0
post scriptum,743.0,0.0
potion craft,979.0,0.0
power rangers samurai,191.0,0.0
power rangers: battle for the grid,10889.0,0.0
powerwash simulator,1504.4444444444443,0.0
predator: hunting grounds,1016.5,0.0
predecessor,966.0,0.0
prey,1017.75,0.0
prime world,213.44444444444446,0.0
prince of persia: the lost crown,4246.0,0.0
prince of persia: the sands of time,297.0,0.0
princess connect! re:dive,536.75,0.0
prison architect,190.5,0.0
prison simulator,1215.0,0.0
pro evolution soccer 2016,170.0,27243.84
pro evolution soccer 2017,224.0,4697.71
pro evolution soccer 2018,235.5,0.0
pro evolution soccer 2019,548.0,0.0
pro gymnast,743.0,0.0
pro soccer online,834.0,0.0
professor layton and the curious village,308.0,0.0
project cars 2,279.0,0.0
project f,2414.0,0.0
project highrise,285.0,0.0
project winter,923.611111111111,0.0
project zomboid,3989.9444444444443,0.0
project: playtime,941.0,0.0
prominence poker,438.0,0.0
propnight,5550.0,0.0
protocol,389.0,0.0
psychonauts 2,1469.0,0.0
pubg,13602.037698412698,0.0
pubg mobile,1265.1063492063493,0.0
pummel party,1176.1625850340135,0.0
pumping simulator 2,1214.0,0.0
punch club,516.8333333333333,0.0
punch club 2: fast forward,2012.0,0.0
punch-out!!,499.0,0.0
puyo puyo tetris,339.6666666666667,466.66999999999996
puzzle & dragons,207.66666666666669,0.0
q remastered,894.5,0.0
quackshot starring donald duck,334.0,0.0
quake champions,648.3645833333334,2645188.25
quantum break,1718.0,0.0
quiplash,200.85714285714286,0.0
quiplash 2 interlashional,1063.0,0.0
rabi-ribi,144.0,0.0
radical heights,2686.0,120000.0
raft,1931.2281746031747,0.0
rage 2,4043.0,0.0
ragnarok m: eternal love,789.75,0.0
ragnarok online,622.0595238095237,0.0
ragnarok online mobile,360.6666666666667,0.0
ragnarok origin,1535.0,0.0
raid: shadow legends,1237.611111111111,0.0
railway empire,411.0,0.0
ranch simulator,1396.0,0.0
ratchet & clank,1085.0,0.0
ratchet & clank: rift apart,6540.0,0.0
ratopia,1771.0,0.0
ratropolis,1040.0,0.0
ravendawn,3202.3333333333335,0.0
rayman,353.0,0.0
rayman legends,380.0,0.0
ready or not,3212.25,0.0
realm royale,3873.35,263000.0
rebel galaxy outlaw,573.0,0.0
recore,434.0,0.0
red dead redemption,553.0,0.0
red dead redemption 2,5798.444444444444,0.0
redfall,3836.0,0.0
reign of kings,194.0,0.0
remnant ii,6577.666666666667,0.0
remnant: from the ashes,2401.722222222222,0.0
remothered: broken porcelain,765.0,0.0
remothered: tormented fathers,456.0,0.0
rend,902.5,0.0
resident evil,712.9583333333333,0.0
resident evil 2,1205.3790064102564,0.0
resident evil 3,8022.333333333333,0.0
resident evil 3: nemesis,301.0,0.0
resident evil 4,1546.6732323232325,0.0
resident evil 5,349.75,0.0
resident evil 6,560.0,0.0
resident evil 7 biohazard,1262.4074074074074,0.0
resident evil resistance,824.0,0.0
resident evil village,9297.2,0.0
resident evil zero,319.3333333333333,0.0
resident evil: code veronica x hd,323.0,0.0
resident evil: revelations 2,376.0,0.0
retro,3712.008337341671,0.0
return of the obra dinn,365.5,0.0
return to monkey island,1118.0,0.0
returnal,3704.0,0.0
revelation,177.0,0.0
revelation online,229.0,0.0
reventure,505.0,0.0
rfactor 2,897.0,184440.95
rgg land,890.0,0.0
rhythm doctor,1180.0,0.0
rhythm tengoku: the best plus,209.0,0.0
riders of icarus,249.0,0.0
riders republic,2410.0,0.0
rift,282.0,0.0
rime,230.0,0.0
rimworld,1502.6141975308642,0.0
ring fit adventure,818.0,0.0
ring of elysium,1512.875,70000.0
rise of the ronin,2266.5,0.0
rise of the tomb raider,452.375,0.0
rise online,2516.0,0.0
rising storm 2: vietnam,225.0,0.0
risk of rain 2,1899.527777777778,0.0
risk of rain returns,1965.0,0.0
risk: factions,217.0,0.0
risk: the game of global domination,873.0,0.0
rnc 2016,355.0,0.0
road 96,2482.0,0.0
roblox,2475.32519640853,0.0
robocop: rogue city,1805.0,0.0
rock band 4,210.25,0.0
rock of ages 2: bigger & boulder,343.0,0.0
rocket arena,964.0,100000.0
rocket league,10668.75925925926,42406001.06
rocket: robot on wheels,287.0,0.0
rogue company,3080.142857142857,50000.0
rogue legacy 2,4476.0,0.0
rogue tower,1002.0,0.0
roller champions,1317.0,4908.75
rollercoaster tycoon 2,163.0,0.0
rollercoaster tycoon world,239.0,0.0
romance of the three kingdoms xiii,262.0,0.0
romance of the three kingdoms xiv,559.0,0.0
royal crown,1243.0,0.0
rpg maker,159.875,0.0
rubber bandits,1121.0,0.0
ruined king: a league of legends story,3826.0,0.0
rules of survival,286.5,656000.0
rumbleverse,2919.75,0.0
runescape,2990.546875,0.0
russian fishing 4,437.14583333333337,0.0
rust,15464.935185185184,50000.0
rusty lake paradise,346.0,0.0
s.t.a.l.k.e.r.: call of pripyat,314.0,0.0
s.t.a.l.k.e.r.: clear sky,343.0,0.0
saint seiya : awakening,699.9444444444443,0.0
saints row,3576.0,0.0
sakuna: of rice and ruin,1668.0,0.0
salt and sanctuary,609.5,0.0
samurai shodown,618.3333333333334,0.0
sanabi,1305.0,0.0
satisfactory,1947.711111111111,0.0
savage: resurrection,130.0,0.0
scarface: the world is yours,924.0,0.0
scarlet nexus,2092.0,0.0
scavengers,2229.5,0.0
science & technology,1746.095238095238,0.0
scorn,5299.0,0.0
scp: secret files,1086.0,0.0
scp: secret laboratory,1131.0,0.0
scrap mechanic,1983.5,0.0
scrutinized,3786.0,0.0
scum,2029.2666666666664,0.0
sea of stars,1171.5,0.0
sea of thieves,6275.7619047619055,100000.0
second extinction,716.0,0.0
secret hitler,328.25,0.0
secret neighbor,654.5,0.0
secret of evermore,330.0,0.0
secret of mana,500.5,0.0
sekiro: shadows die twice,2395.108164983165,19596.0
senua's saga: hellblade ii,2627.0,0.0
serious sam 4,807.0,0.0
sexy sniper,892.0,0.0
shadow arena,979.0,0.0
shadow of the colossus,2383.5,0.0
shadow of the tomb raider,2714.0,0.0
shadow tactics: blades of the shogun,279.0,0.0
shadow warrior 2,1034.0,0.0
shadowverse,652.4695238095238,3215177.09
shattered skies,1584.6666666666667,0.0
shatterline,1832.0,0.0
shellshock live,569.0,0.0
shenmue,477.0,0.0
shenmue i & ii,504.0,0.0
shenmue iii,1328.0,0.0
sherlock holmes: chapter one,1035.0,0.0
sherlock holmes: the devil's daughter,328.0,0.0
shin megami tensei v,1349.0,0.0
shin megami tensei v: vengeance,1093.0,0.0
shinkansen 0,1191.0,0.0
shiren the wanderer: the mystery dungeon of serpentcoil island,1739.0,0.0
shootmania storm,605.0,193.05
shoppe keep,292.0,0.0
shoppe keep 2,293.0,0.0
shovel knight,343.0,0.0
sid meier's civilization v,486.725,0.0
sid meier's civilization vi,1075.388888888889,0.0
sid meier's civilization vi: rise & fall,442.0,0.0
sifu,11725.0,0.0
sign of silence,919.0,0.0
silent breath,1035.0,0.0
silent hill,229.0,0.0
silent hill 2,290.5,0.0
silent hill 3,194.0,0.0
silent hill 4: the room,389.0,0.0
silent hill: downpour,286.0,0.0
silent hill: the short message,1611.0,0.0
silver chains,702.0,0.0
skribbl.io,813.5,0.0
skul: the hero slayer,1225.5,0.0
skull and bones,3664.25,0.0
skyforge,241.0,0.0
skylanders: ring of heroes,509.0,0.0
slam dunk,1113.0,0.0
slay the spire,1498.4233405483405,0.0
slime rancher,434.1666666666667,0.0
slime rancher 2,2806.0,0.0
slither,429.0,0.0
slither.io,250.0,0.0
slots,21149.242063492064,0.0
sly cooper and the thievius raccoonus,400.0,0.0
smalland: survive the wilds,1413.0,0.0
smash + grab,276.0,0.0
smite,4472.274691358024,8329640.04
smite 2,1504.0,0.0
smite tactics,552.5,0.0
smuta,1421.0,0.0
sniper elite 4,1275.0,0.0
sniper elite 5,2488.5,0.0
sniper ghost warrior contracts 2,1082.0,0.0
sniper: ghost warrior 3,397.0,0.0
snowrunner,1618.875,0.0
social eating,461.3642857142857,0.0
software and game development,2047.5277777777778,0.0
solo leveling: arise,1373.0,0.0
soma,302.0,0.0
some some convenience store,461.0,0.0
song of horror,663.0,0.0
songs of conquest,955.0,0.0
sonic advance,249.0,0.0
sonic advance 2,349.0,0.0
sonic advance 3,479.0,0.0
sonic adventure 2: battle,213.0,0.0
sonic forces,327.0,0.0
sonic frontiers,3669.0,0.0
sonic mania,625.0,0.0
sonic the hedgehog,335.0,0.0
sons of the forest,6339.966666666667,0.0
sos,798.6666666666667,0.0
soulcalibur vi,1013.0,0.0
soulmask,4753.0,0.0
soulstone survivors,1870.0,0.0
soulworker,313.0,0.0
south park,1294.0714285714284,0.0
south park: snow day!,1044.0,0.0
south park: the fractured but whole,1844.875,0.0
south park: the stick of truth,369.875,0.0
space engineers,511.6666666666667,0.0
space hulk: deathwing,209.0,0.0
sparkster,292.0,0.0
special events,13837.0,0.0
spectre divide,3422.0,0.0
speedrunners,286.0,0.0
spellbreak,2181.916666666667,50000.0
spellforce 3,283.0,0.0
spelunky,201.0,0.0
spelunky 2,2246.4583333333335,0.0
spiritfarer,1578.0,0.0
splatoon,250.66666666666666,620.0
splatoon 2,668.7343073593074,7660.0
splatoon 3,2281.4333333333334,0.0
splitgate,3608.3333333333335,0.0
splitgate: arena warfare,2041.0,50000.0
spongebob squarepants: battle for bikini bottom,209.83333333333334,0.0
spongebob squarepants: battle for bikini bottom - rehydrated,1800.5,0.0
spongebob squarepants: the cosmic shake,1051.0,0.0
sports,18944.21111111111,0.0
spyparty,1883.0,0.0
spyro reignited trilogy,1534.5,0.0
spyro: year of the dragon,289.5,0.0
squad,645.5416666666666,0.0
squad busters,1017.5,0.0
squirrel with a gun,967.0,0.0
stalcraft,1848.1666666666665,0.0
stalcraft: x,1911.5,0.0
star citizen,1530.4926647426646,0.0
star fox zero,178.0,0.0
star ocean: integrity and faithlessness,223.0,0.0
star trek: bridge crew,325.0,0.0
star trucker,978.0,0.0
star wars battlefront,374.1111111111111,0.0
star wars battlefront ii,1453.0416666666667,0.0
star wars jedi: fallen order,3197.375,0.0
star wars jedi: survivor,6883.0,0.0
star wars outlaws,3914.5,0.0
star wars: force arena,585.0,0.0
star wars: jedi knight ii - jedi outcast,205.0,0.0
star wars: knights of the old republic,428.5,0.0
star wars: knights of the old republic ii - the sith lords,741.0,0.0
star wars: squadrons,3447.0,800.0
star wars: the old republic,790.9444444444445,0.0
starbase,1582.0,0.0
starbound,375.9166666666667,0.0
starcraft,1538.082647907648,0.0
starcraft ii,5069.373456790123,24064201.59
starcraft: brood war,410.15,222389.46000000002
stardew valley,1652.979938271605,97850.0
starfield,17961.333333333332,0.0
starship troopers: extermination,1807.0,0.0
starsiege: deadzone,973.0,0.0
startropics,343.0,0.0
state of decay 2,1650.0,0.0
stationeers,239.0,0.0
stay,330.0,0.0
stay out of the house,963.0,0.0
steelrising,2522.0,0.0
steep,545.75,0.0
stellar blade,5460.5,0.0
stellaris,832.3333333333334,0.0
stepmania,329.0,0.0
still wakes the deep,1948.0,0.0
stilt fella,2196.0,0.0
stocks and bonds,1348.0,0.0
stone age,188.0,0.0
stonehearth,514.5,0.0
stoneshard,1917.0,0.0
stories untold,183.0,0.0
stormgate,1243.5,39778.85
storybook brawl,1073.0,0.0
strafe,195.0,0.0
stranded deep,540.5,0.0
strange brigade,376.0,0.0
stranger of paradise: final fantasy origin,3288.0,0.0
stray,6851.666666666667,0.0
stream raiders,1126.5833333333335,0.0
streamer life simulator,1532.5,0.0
street fighter 6,12362.888888888889,5179896.65
street fighter iii: 3rd strike,463.25,8363.78
street fighter v,2839.275,2334386.94
streets of rage 4,1217.0,0.0
stronghold: definitive edition,967.0,0.0
stumble guys,1681.0208333333335,0.0
subnautica,1097.654188712522,0.0
subnautica: below zero,3308.6666666666665,0.0
sudden attack,943.0,0.0
suicide squad: kill the justice league,3401.0,0.0
suika game,6419.0,0.0
summer game fest,940.0,0.0
summoners war: chronicles,1362.6666666666667,0.0
summoners war: lost centuria,1261.0,0.0
summoners war: sky arena,1053.9232804232804,792000.0
sun haven,1051.0,0.0
sunkenland,1795.0,0.0
sunless skies,471.0,0.0
super auto pets,2300.0,0.0
super castlevania iv,310.0,0.0
super mario 3d all-stars,3289.0,0.0
super mario 3d world,761.3333333333334,0.0
super mario 3d world + bowser's fury,1747.0,0.0
super mario 64,1647.0277777777778,0.0
super mario 64 ds,222.0,0.0
super mario bros.,328.0,0.0
super mario bros. 3,399.83333333333337,0.0
super mario bros. 35,2235.0,0.0
super mario bros. wonder,4657.0,0.0
super mario galaxy,480.0,0.0
super mario galaxy 2,614.0,0.0
super mario maker,1572.3958333333335,0.0
super mario maker 2,3180.5654761904766,0.0
super mario odyssey,1712.7400000000002,0.0
super mario party,1851.6666666666665,220.0
super mario rpg,2512.5,0.0
super mario rpg: legend of the seven stars,427.3333333333333,0.0
super mario sunshine,628.55,0.0
super mario world,908.8203142536476,0.0
super mario world 2: yoshi's island,460.0,0.0
super metroid,623.5033333333333,0.0
super monkey ball,324.0,0.0
super monkey ball deluxe,389.0,0.0
super monkey ball: banana blitz,269.0,0.0
super people,8612.666666666666,144526.0
super punch-out!!,383.0,0.0
super robot taisen v,308.0,0.0
super seducer,1116.0,0.0
super seducer 2,1685.0,0.0
super seducer 3,2859.0,0.0
super senso,330.0,0.0
super smash bros. for wii u,1315.0555555555554,1223710.19
super smash bros. melee,1489.2502645502645,3036866.88
super smash bros. ultimate,6120.880952380952,2930731.7399999998
superhot,347.5,0.0
superliminal,850.0,0.0
superman,355.0,0.0
supermarket simulator,6725.166666666667,0.0
supermarket together,1769.0,0.0
supernatural,864.0,0.0
supernova,173.0,0.0
supervive,965.0,0.0
supraland,447.0,0.0
surgeon simulator 2,1032.0,0.0
surviving mars,2495.0,0.0
suspects: mystery mansion,2632.0,0.0
sword art online: alicization lycoris,733.0,0.0
sword art online: fatal bullet,384.5,0.0
sword art online: hollow realization,313.5,0.0
swords of legends online,1463.5,0.0
syberia 3,229.0,0.0
synced,1577.0,0.0
syndrome,333.0,0.0
system shock,1119.0,0.0
tabletop rpgs,1697.844642857143,0.0
tabletop simulator,422.0366666666667,0.0
tactics ogre: reborn,1015.0,0.0
tale of immortal,1641.0,0.0
tale of wuxia,543.0,0.0
tales from the borderlands,335.0,0.0
tales of arise,5406.0,0.0
tales of berseria,391.0,0.0
tales of vesperia,772.0,0.0
talk shows & podcasts,7370.8796296296305,0.0
tarisland,3560.0,0.0
tavern manager simulator,1533.0,0.0
tcg card shop simulator,7441.0,0.0
team fortress 2,567.4346590909091,264380.35000000003
teamfight manager,2603.0,0.0
teamfight tactics,25386.86177248677,8765860.25
teardown,2735.0,0.0
teenage mutant ninja turtles: shredder's revenge,2067.0,0.0
tekken 7,1774.5046296296296,3814606.33
tekken 7: fated retribution,295.125,0.0
tekken 8,4113.472222222223,1506651.8599999999
tell me why,874.0,0.0
telling lies,686.0,0.0
temtem,2779.5,0.0
tera,287.76666666666665,0.0
terraria,1384.1852974186306,0.0
tetris,1549.0,10075.0
tetris 99,648.0,0.0
tetris with cardcaptor sakura: eternal heart,480.0,0.0
tetris: the grand master,476.0,0.0
thank goodness youâ€™re here!,982.0,0.0
the ascent,1035.0,0.0
the awesome adventures of captain spirit,567.0,0.0
the ball,281.0,0.0
the bard's tale iv,959.0,0.0
the bathhouse,1478.0,0.0
the bathhouse restored edition,1722.0,0.0
the battle cats unite!,872.0,0.0
the beast inside,1218.5,0.0
the binding of isaac: afterbirth,1029.4946969696969,0.0
the binding of isaac: rebirth,898.0,0.0
the binding of isaac: repentance,2474.38,0.0
the bridge curse 2: the extrication,1534.0,0.0
the bridge curse: road to salvation,924.0,0.0
the bunker,278.5,0.0
the callisto protocol,11714.0,0.0
"the casino: roulette, video poker, slot machines, craps, baccarat",3576.0,0.0
the casting of frank stone,5275.0,0.0
the chant,893.0,0.0
the classrooms,1359.0,0.0
the closing shift,875.0,0.0
the coin game,770.5,0.0
the council,308.0,0.0
the crew 2,1315.0,0.0
the crew: motorfest,1573.0,0.0
the culling,1054.6296296296296,0.0
the cycle: frontier,4405.333333333333,0.0
the dark occult,792.0,0.0
the dark pictures anthology: house of ashes,5119.0,0.0
the dark pictures anthology: little hope,4805.5,0.0
the dark pictures anthology: man of medan,1974.6666666666667,0.0
the dark pictures anthology: the devil in me,2918.75,0.0
the day before,6547.0,0.0
the elder scrolls iii: morrowind,725.0,0.0
the elder scrolls iv: oblivion,556.125,0.0
the elder scrolls online,2005.8333333333333,0.0
the elder scrolls v: skyrim,1195.1186868686868,0.0
the elder scrolls v: skyrim - special edition,1155.8333333333333,0.0
the elder scrolls v: skyrim special edition,987.0,0.0
the elder scrolls: legends,1116.3833333333334,5000.0
the end is nigh,835.0,0.0
the escapists,417.0,0.0
the escapists 2,737.0,0.0
the evil within,450.0833333333333,0.0
the evil within 2,1946.8333333333333,0.0
the exit 8,1594.0,0.0
the finals,4757.625,0.0
the first descendant,5071.777777777778,0.0
the forest,1058.4126217532466,0.0
the front,2476.0,0.0
the game awards,2665.5,0.0
the game awards 2016,494.0,0.0
the game of sisyphus,2127.0,0.0
the godfather,828.0,0.0
the guest,133.0,0.0
the idolmaster: stella stage,330.0,0.0
the infectious madness of doctor dekker,219.0,0.0
the invincible,1004.0,0.0
the isle,1639.6,0.0
the jackbox party pack 4,494.1666666666667,0.0
the jackbox party pack 5,814.5,0.0
the jackbox party pack 6,747.6666666666667,0.0
the joy of sex,460.80952380952385,0.0
the karaoke,919.0,0.0
the king of fighters xiv,289.0,0.0
the king of fighters xv,1598.5,0.0
the last guardian,2410.0,0.0
the last of us,760.1441558441559,0.0
the last of us part i,2546.375,0.0
the last of us part ii,4130.5625,0.0
the last of us part ii: remastered,1715.0,0.0
the last spell,2656.5,0.0
the legend of bum-bo,729.0,0.0
the legend of korra,331.0,0.0
the legend of zelda,720.0,0.0
the legend of zelda: a link between worlds,535.5,0.0
the legend of zelda: a link to the past,724.4875000000001,0.0
the legend of zelda: breath of the wild,2002.8690476190477,0.0
the legend of zelda: echoes of wisdom,2560.0,0.0
the legend of zelda: four swords adventures,494.0,0.0
the legend of zelda: link's awakening,1481.0,0.0
the legend of zelda: link's awakening dx,364.0,0.0
the legend of zelda: majora's mask,696.7063492063492,0.0
the legend of zelda: majora's mask 3d,497.0,0.0
the legend of zelda: ocarina of time,1063.4313371813373,0.0
the legend of zelda: ocarina of time - master quest,374.0,0.0
the legend of zelda: ocarina of time 3d,596.0,0.0
the legend of zelda: oracle of ages,315.0,0.0
the legend of zelda: oracle of seasons,426.0,0.0
the legend of zelda: skyward sword,584.6666666666666,0.0
the legend of zelda: skyward sword hd,3802.0,0.0
the legend of zelda: tears of the kingdom,5916.285714285715,0.0
the legend of zelda: the minish cap,516.0,0.0
the legend of zelda: the wind waker,377.0,0.0
the legend of zelda: the wind waker hd,772.0,0.0
the legend of zelda: twilight princess,1078.0,0.0
the legend of zelda: twilight princess hd,594.5,0.0
the long dark,692.1238095238095,0.0
the long drive,1159.8,0.0
the long journey home,269.0,0.0
the lord of the rings online,502.0,0.0
the lord of the rings: gollum,1850.0,0.0
the lord of the rings: return to moria,2327.0,0.0
the mageseeker: a league of legends story,965.0,0.0
the mean greens: plastic warfare,128.0,0.0
the medium,2592.5,0.0
the messenger,592.0,0.0
the mortuary assistant,2176.125,0.0
the movies,2192.0,0.0
the outer worlds,4265.5,0.0
the outlast trials,2441.0,0.0
the pedestrian,517.0,0.0
the plucky squire,954.0,0.0
the political machine 2016,272.0,0.0
the quarry,10588.0,0.0
the red strings club,295.0,0.0
the riftbreaker,1262.0,0.0
the room three,491.0,0.0
the seven deadly sins: grand cross,1355.3333333333333,0.0
the simpsons,1869.95,0.0
the simpsons: hit & run,1737.777777777778,0.0
the sims 4,1828.895061728395,0.0
the sinking city,1357.0,0.0
the solus project,222.0,0.0
the stanley parable: ultra deluxe,1955.0,0.0
the stubborn of wakgood,1041.0,0.0
the suicide of rachel foster,544.0,0.0
the surge,1919.0,0.0
the surge 2,1179.0,0.0
the survivalists,797.0,0.0
the swords of ditto,277.0,0.0
the swordsmen x,324.0,0.0
the texas chain saw massacre,4295.716666666666,0.0
the town of light,135.0,0.0
the turing test,197.0,0.0
the underground man,323.0,0.0
the walking dead: a new frontier,457.5,0.0
the walking dead: michonne,199.0,0.0
the walking dead: saints & sinners,742.0,0.0
the walking dead: season one,518.25,0.0
the walking dead: season two,271.0,0.0
the walking dead: the final season,452.5,0.0
the wandering village,1389.0,0.0
the wild eight,381.0,0.0
the witcher,656.6666666666666,0.0
the witcher 2: assassins of kings,547.5,0.0
the witcher 3: wild hunt,1437.5541446208113,0.0
the witness,538.0,0.0
thehunter: call of the wild,421.85714285714283,0.0
there is no game : wrong dimension,1051.0,0.0
thetan arena,999.0,0.0
they are billions,2237.1708333333336,0.0
thief simulator,876.5,0.0
thief simulator 2,1472.0,0.0
thimbleweed park,381.0,0.0
this is the police,600.5,0.0
this is the police 2,766.0,0.0
this war of mine,357.0,0.0
throne and liberty,3760.75,0.0
throne of lies: medieval politics,666.4,0.0
thronebreaker: the witcher tales,1262.0,0.0
through the woods,251.0,0.0
thymesia,1895.0,0.0
tibia,3071.867283950617,952.94
timberborn,1077.5,0.0
tiny rogues,886.0,0.0
tiny tina's wonderlands,4441.5,0.0
titanfall 2,701.875,0.0
tmnt,266.0,0.0
tom clancy's ghost recon: breakpoint,2740.5,0.0
tom clancy's ghost recon: wildlands,801.6666666666666,0.0
tom clancy's rainbow six extraction,4336.0,0.0
tom clancy's rainbow six siege,14452.083333333334,0.0
tom clancy's the division,2169.3541666666665,0.0
tom clancy's the division 2,1913.0333333333333,0.0
tomb raider ii,352.0,0.0
tomb raider iâ€¢iiâ€¢iii remastered,1907.5,0.0
tony hawk's pro skater,284.0,0.0
tony hawk's pro skater 1+2,5966.0,0.0
topspin 2k25,1234.0,0.0
torchlight iii,726.0,0.0
torchlight: infinite,1263.0,0.0
tormented souls,1292.5,0.0
total lockdown,715.0,0.0
total war saga: thrones of britannia,507.0,0.0
total war: three kingdoms,3190.0,0.0
total war: warhammer,980.5416666666666,0.0
total war: warhammer ii,895.7909090909092,0.0
total war: warhammer iii,2068.088888888889,0.0
totally accurate battle simulator,655.0,0.0
totally accurate battlegrounds,1457.5,0.0
tournament poker,1813.142857142857,0.0
tower of fantasy,4226.65,0.0
tower unite,246.75,0.0
town of salem,337.3333333333333,0.0
town of salem 2,1093.5,0.0
trackmania,3110.73,0.0
trackmania 2: canyon,338.0,318.36
trackmania 2: stadium,997.6133333333333,147224.53
trackmania turbo,490.0,566.91
transformers: devastation,361.0,0.0
transport fever,493.0,0.0
transport fever 2,994.0,0.0
transport tycoon deluxe,209.0,0.0
trauma center: new blood,326.0,0.0
trauma center: under the knife 2,436.0,0.0
travel & outdoors,3344.7731481481483,0.0
tree of savior,328.6666666666667,0.0
trek to yomi,837.0,0.0
trials fusion,320.0,0.0
trials of mana,1555.5,0.0
trials rising,1181.1666666666667,0.0
triangle strategy,834.0,0.0
tribes of midgard,2714.3333333333335,0.0
tricky towers,1130.4444444444446,0.0
trine 4: the nightmare prince,587.0,0.0
trombone champ,1294.0,0.0
tropico 5,241.0,0.0
tropico 6,1562.5,0.0
trove,182.8,0.0
trover saves the universe,508.0,0.0
tunic,1124.5,0.0
tusmo,756.0,0.0
twelve minutes,6359.5,0.0
twitch plays,436.5958333333333,0.0
twitch presents,2256.777777777778,0.0
twitch sings,917.1500000000001,0.0
twitch stream aid,2244.0,0.0
twitchcon 2016,641.0,0.0
twitchcon 2017,1182.0,0.0
two point campus,2205.0,0.0
two point hospital,1369.0,0.0
tyranny,383.0,0.0
ufl,776.0,0.0
ufo 50,1264.0,0.0
ultimate chicken horse,265.66666666666663,0.0
ultimate marvel vs. capcom 3,301.54166666666663,32091.600000000002
ultra street fighter iv,253.33333333333334,8546.61
umamusume: pretty derby,2950.375,0.0
uncharted 2: among thieves,150.0,0.0
uncharted 4: a thief's end,835.5,46235.07
uncharted: the lost legacy,1144.0,0.0
uncharted: the nathan drake collection,213.0,0.0
undecember,1800.3333333333333,0.0
undermine,989.5,0.0
undertale,699.3194444444445,0.0
undisputed,1589.0,0.0
unicorn overlord,1601.0,0.0
uno,747.6666666666666,30000.0
unpacking,1839.0,0.0
unrailed!,809.0,0.0
unravel,778.0,0.0
unravel two,621.0,0.0
until dawn,538.2142857142857,0.0
until we die,1641.0,0.0
untitled goose game,986.6666666666666,0.0
use your words,321.0,0.0
v rising,5999.5,0.0
vainglory,479.1060606060606,744028.65
valheim,4493.003174603175,0.0
valorant,117624.56666666668,32018215.369999997
vampire survivors,2797.375,0.0
vampire: the masquerade - bloodhunt,4427.916666666666,0.0
vampire: the masquerade - bloodlines,328.8333333333333,0.0
vampyr,4064.0,0.0
vanquish,272.0,0.0
veiled experts,1536.75,0.0
vhs,1406.0,0.0
victoria 3,1569.0,0.0
video horror society,1015.5,0.0
viewfinder,1631.0,0.0
vikings: wolves of midgard,159.0,0.0
vintage story,553.0,0.0
virtual casino,11319.738888888889,0.0
virtual reality,381.4,0.0
visage,1289.9083333333333,0.0
viscera cleanup detail,337.0,0.0
voices of the void,1396.8333333333335,0.0
void bastards,635.5,0.0
voidtrain,999.5,0.0
vrchat,3617.034722222222,0.0
vvvvvv,223.0,0.0
wakfu,1623.0,0.0
wall world,1053.0,0.0
war by grow games,1590.6666666666665,0.0
war thunder,955.3436307519642,0.0
warcraft iii,2143.740740740741,1306686.71
warface,567.0,0.0
warface: breakout,870.0,0.0
warframe,2416.3117283950614,0.0
wargroove,782.0,0.0
"warhammer 40,000: chaos gate - daemonhunters",2989.0,0.0
"warhammer 40,000: darktide",2803.6666666666665,0.0
"warhammer 40,000: dawn of war iii",810.0,0.0
"warhammer 40,000: eternal crusade",150.0,0.0
"warhammer 40,000: inquisitor - prophecy",366.0,0.0
"warhammer 40,000: rogue trader",2145.0,0.0
"warhammer 40,000: space marine ii",18540.0,0.0
warhammer: vermintide 2,1365.875,0.0
warhaven,1001.0,0.0
warioware: get it together!,1289.0,0.0
warlander,1533.0,0.0
wartales,2491.0,0.0
wasteland 2,728.0,0.0
wasteland 3,1742.5,0.0
watch dogs 2,1405.5,0.0
watch dogs: legion,5746.5,0.0
watch parties,1430.8020833333333,0.0
watch tv,1767.0,0.0
waven,1727.0,0.0
way of the hunter,1449.0,0.0
wayfinder,3057.0,0.0
we happy few,2061.75,0.0
we were here forever,2579.0,0.0
we were here together,1107.5,0.0
we were here too,749.0,0.0
weed shop 2,461.0,0.0
weed shop 3,1418.5,0.0
weird west,953.0,0.0
welcome to the game,498.0,0.0
welcome to the game ii,1651.25,0.0
werewolves <u+72fc><u+4eba><u+6bba>,297.0,0.0
what remains of edith finch,282.0,0.0
what the golf?,633.0,0.0
white day: a labyrinth named school,552.0,0.0
who wants to be a millionaire,1169.8333333333335,0.0
wild hearts,3928.0,0.0
winning post 10,1633.0,0.0
witch it,469.25,0.0
wizard of legend,1670.5,0.0
wo long: fallen dynasty,6530.5,0.0
wolcen: lords of mayhem,7056.5,0.0
wolfenstein ii: the new colossus,842.0,0.0
wolfenstein: the new order,333.83333333333337,0.0
wolfenstein: youngblood,1599.0,0.0
words on stream,921.5,0.0
world of final fantasy,602.0,0.0
world of tanks,6873.08024691358,3253743.21
world of warcraft,37432.39197530864,6232200.0
world of warcraft: battle for azeroth,310.0,0.0
world of warships,2294.9259259259256,0.0
world war 3,1006.0,0.0
world war z,1843.0,0.0
world war z: aftermath,1138.0,0.0
worlds adrift,743.25,0.0
worms armageddon,203.0,0.0
worms revolution,228.66666666666666,0.0
worms w.m.d,622.5666666666666,0.0
wreckfest,798.0,0.0
wrestling,478.1333333333334,0.0
wrestling empire,1121.0,0.0
wuthering waves,5147.666666666667,0.0
wwe 2k16,244.71428571428572,0.0
wwe 2k17,359.0,0.0
wwe 2k18,350.0,0.0
wwe 2k19,928.0,0.0
wwe 2k20,399.0,50000.0
wwe 2k22,4978.5,0.0
wwe 2k23,1543.0,0.0
wwe 2k24,1495.5,0.0
wwe supercard,1427.5,0.0
x4: foundations,591.0,0.0
xcom 2,1189.388392857143,0.0
xcom 2: war of the chosen,997.8125,0.0
xcom: chimera squad,2088.0,0.0
xcom: enemy within,440.6666666666667,0.0
xdefiant,5635.25,0.0
xenoblade chronicles 2,1169.5,0.0
xenoblade chronicles 3,1440.0,0.0
xenoblade chronicles: definitive edition,908.0,0.0
xera: survival,1189.0,0.0
yakuza,1706.5,0.0
yakuza 0,661.9666666666667,0.0
yakuza 3,974.0,0.0
yakuza 4,771.0,0.0
yakuza 5,877.25,0.0
yakuza 6: the song of life,913.5,0.0
yakuza kiwami,594.9583333333334,0.0
yakuza kiwami 2,1939.3333333333333,0.0
yakuza: like a dragon,2579.3333333333335,0.0
"yes, your grace",784.0,0.0
ylands,268.0,0.0
yo-kai watch 2: psychic specters,947.0,0.0
yooka-laylee,935.0,0.0
yoshi's crafted world,826.0,0.0
you suck at parking,838.0,0.0
youtubers life,255.75,0.0
ys viii: lacrimosa of dana,282.0,0.0
yu-gi-oh! duel links,699.0683333333334,48746.72
yu-gi-oh! forbidden memories,462.0,0.0
yu-gi-oh! master duel,2852.962962962963,0.0
yuppie psycho,539.0,0.0
z1: battle royale,4533.319444444444,0.0
zelda ii: the adventure of link,244.0,0.0
zenless zone zero,4452.333333333334,0.0
"zero escape: nine hours, nine persons, nine doors",265.0,0.0
zero escape: zero time dilemma,433.0,0.0
zero sievert,981.0,0.0
zombie army 4: dead war,880.0,0.0
zoochosis,1062.0,0.0
