JuegoNorm,Año
.hack//g.u. last recode,2017
20 minutes till dawn,2022
2xko,2024
60 parsecs!,2018
60 seconds!,2016
60 seconds!,2017
60 seconds!,2018
60 seconds!,2019
60 seconds! reatomized,2023
60 seconds! reatomized,2024
7 days to die,2016
7 days to die,2017
7 days to die,2018
7 days to die,2019
7 days to die,2020
7 days to die,2021
7 days to die,2022
7 days to die,2023
7 days to die,2024
<na>,2019
<u+014c>kami,2017
a dance of fire and ice,2019
a difficult game about climbing,2024
a hat in time,2017
a hat in time,2018
a plague tale: innocence,2019
a plague tale: requiem,2022
a total war saga: troy,2020
a way out,2018
a way out,2020
abandon ship,2018
abiotic factor,2024
absolver,2017
abz<u+00db>,2016
ace combat 7: skies unknown,2019
afk journey,2024
against the storm,2022
against the storm,2023
agar.io,2016
age of darkness: final stand,2021
age of empires ii: definitive edition,2019
age of empires ii: definitive edition,2020
age of empires ii: hd edition,2016
age of empires ii: hd edition,2017
age of empires: definitive edition,2019
age of wonders 4,2023
age of wonders: planetfall,2019
agents of mayhem,2017
agony,2018
agrou,2020
ai: the somnium files,2019
aion,2021
aion classic,2023
alan wake ii,2023
alan wake ii,2024
alan wake remastered,2021
albion online,2016
albion online,2017
albion online,2019
albion online,2020
albion online,2021
albion online,2022
albion online,2023
albion online,2024
alien: isolation,2016
alien: isolation,2017
alien: isolation,2018
alien: isolation,2019
alien: isolation,2020
alien: isolation,2021
alien: isolation,2022
alien: isolation,2024
aliens: dark descent,2023
aliens: fireteam elite,2021
alone in the dark,2024
altf4,2021
altf4,2022
altf42,2023
always on,2017
always on,2018
always on,2019
always on,2022
always on,2023
always on,2024
amanda the adventurer,2023
american truck simulator,2016
american truck simulator,2017
amnesia: rebirth,2020
amnesia: the bunker,2023
amnesia: the dark descent,2016
amok runner,2023
among us vr,2022
ancestors: the humankind odyssey,2019
angvik,2017
animal crossing: new horizons,2020
animal crossing: new horizons,2021
animal crossing: new horizons,2022
animal crossing: new horizons,2023
animal crossing: new horizons,2024
animal crossing: new leaf,2016
animal well,2024
"animals, aquariums, and zoos",2021
"animals, aquariums, and zoos",2022
"animals, aquariums, and zoos",2023
"animals, aquariums, and zoos",2024
anime,2017
anime land,2020
anime land,2021
anime squad,2024
anime standing,2021
anime world,2022
anime world,2023
anime world,2024
anno 1800,2019
anno 1800,2020
anno 1800,2022
another crab's treasure,2024
anthem,2019
apb reloaded,2016
ape escape,2016
ape escape,2017
araya,2016
arcane,2021
arcanum: of steamworks and magick obscura,2019
archeage,2016
archeage,2017
archeage,2018
archeage,2019
archvale,2021
arena breakout: infinite,2024
ark: survival ascended,2023
ark: survival ascended,2024
ark: survival evolved,2016
ark: survival evolved,2017
ark: survival evolved,2018
ark: survival evolved,2019
ark: survival evolved,2020
ark: survival evolved,2021
ark: survival evolved,2022
ark: survival evolved,2023
arknights,2020
arma 3,2016
arma 3,2017
arma 3,2018
arma 3,2019
arma 3,2020
arma 3,2021
arma 3,2023
arma reforger,2022
arma reforger,2024
armored core vi: fires of rubicon,2023
armored warfare,2016
art,2018
art,2019
art,2020
art,2021
art,2022
art,2023
art,2024
artifact,2018
artifact,2019
as dusk falls,2022
ashen,2018
ashes of creation,2021
asmr,2018
asmr,2019
asmr,2020
asmr,2021
asmr,2022
asmr,2023
asmr,2024
assassin's creed ii,2017
assassin's creed ii,2022
assassin's creed mirage,2023
assassin's creed valhalla,2020
assassin's creed valhalla,2021
assassin's creed valhalla,2022
assassin's creed: odyssey,2018
assassin's creed: odyssey,2019
assassin's creed: odyssey,2020
assassin's creed: origins,2017
assassin's creed: origins,2018
astral chain,2019
astro bot,2024
astro's playroom,2020
astroneer,2016
astroneer,2017
astroneer,2018
astroneer,2019
at dead of night,2021
atlas,2018
atlas,2019
atlas,2020
atlas,2022
atlas fallen,2023
atlas reactor,2016
atomic heart,2023
attack on titan,2016
attack on titan 2,2018
autopsy simulator,2024
avatar: frontiers of pandora,2023
axie infinity,2021
axie infinity,2022
azure striker gunvolt,2016
azure striker gunvolt 2,2017
baba is you,2019
back 4 blood,2020
back 4 blood,2021
back 4 blood,2022
backpack battles,2023
backpack battles,2024
backpack hero,2022
balatro,2024
baldi's basics in education and learning,2018
baldur's gate 3,2020
baldur's gate 3,2023
baldur's gate 3,2024
baller league,2024
banishers: ghosts of new eden,2024
banjo-kazooie,2016
banjo-kazooie,2017
banjo-kazooie,2019
banjo-tooie,2018
barbie and the magic of pegasus,2016
barbie and the magic of pegasus,2017
barbie and the magic of pegasus,2018
barbie and the magic of pegasus,2019
barbie and the magic of pegasus,2020
barbie horse adventures: wild horse rescue,2020
barn finders,2020
barotrauma,2019
barotrauma,2023
batman: arkham city,2017
batman: the enemy within,2018
batman: the telltale series,2016
battle brothers,2017
battle brothers,2018
battle brothers,2019
battle brothers,2020
battle brothers,2022
battle chasers: nightwar,2017
battlebit remastered,2023
battleblock theater,2016
battleborn,2016
battlefield 2042,2021
battlefield 2042,2022
battlefield 2042,2023
battlefield: bad company 2,2016
battlefleet gothic: armada,2016
battlerite royale,2018
battletech,2018
bayonetta,2017
beauty & body art,2018
beholder,2018
ben and ed,2016
ben and ed - blood party,2017
bendy and the dark revival,2022
berserk and the band of the hawk,2017
bethesda at e3,2017
bethesda at e3,2018
beton brutal,2023
betrayal.io,2021
beyond: two souls,2016
beyond: two souls,2017
big ambitions,2023
bio inc. redemption,2018
biomutant,2021
bionic commando rearmed,2017
bioshock,2016
bioshock,2018
bioshock infinite,2016
bioshock infinite,2020
bioshock: the collection,2016
black clover mobile,2023
black desert,2021
black desert,2022
black desert,2023
black desert,2024
black desert online,2016
black desert online,2017
black desert online,2018
black desert online,2019
black desert online,2020
black desert online,2021
black mesa,2019
black mesa,2020
black myth: wukong,2024
blackjack,2016
blackjack,2019
blackjack,2020
blackjack,2021
blackwake,2016
blackwake,2017
blair witch,2019
blasphemous,2019
blasphemous ii,2023
blast corps,2016
blaster master,2017
blazing sails,2020
bless online,2018
bless unleashed,2021
blood bowl 2,2016
blood bowl 2,2017
blood ii: the chosen,2018
bloodborne,2016
bloodborne,2017
bloodborne,2018
bloodborne,2019
bloodborne,2020
bloodborne,2021
bloodborne,2022
bloodborne,2023
bloodborne,2024
bloodborne psx,2022
bloodborne: the old hunters,2016
bloodstained: ritual of the night,2019
bloons td 5,2016
bloons td 5,2018
bloons td 6,2018
bloons td 6,2019
bloons td 6,2020
bloons td 6,2021
bloons td 6,2022
bloons td 6,2023
bloons td battles 2,2021
blue archive,2021
blue archive,2023
blue protocol,2023
board games,2016
board games,2017
board games,2019
board games,2023
bodycam,2024
bomber crew,2017
boneworks,2019
book of demons,2018
borderlands,2019
borderlands 2,2016
borderlands 2,2017
borderlands 2,2018
borderlands 2,2019
borderlands: the handsome collection,2016
borderlands: the pre-sequel,2018
boxing fight,2018
bpm: bullets per minute,2020
brain age: train your brain in minutes a day!,2016
bramble: the mountain king,2023
brawl of ages,2017
bread & fred,2023
breakaway,2016
breaking point,2016
breathedge,2018
breathedge,2019
breathedge,2021
bridge constructor portal,2017
bridge constructor portal,2018
brotato,2022
brotato,2023
brotato,2024
brothers: a tale of two sons,2017
buckshot roulette,2024
bugsnax,2020
bully: scholarship edition,2016
bully: scholarship edition,2018
bully: scholarship edition,2022
bunny garden,2024
bus simulator 18,2018
business tour,2021
cadence of hyrule: crypt of the necrodancer featuring the legend of zelda,2019
cafe owner simulator,2022
call of cthulhu,2018
call of duty: black ops 6,2024
call of duty: black ops ii,2016
call of duty: black ops ii,2017
call of duty: black ops ii,2020
call of duty: black ops ii,2022
call of duty: black ops ii,2023
call of duty: modern warfare remastered,2016
call of duty: modern warfare remastered,2017
call of duty: modern warfare remastered,2019
call of duty: warzone mobile,2024
call of the sea,2020
captain tsubasa: rise of new champions,2020
car mechanic simulator 2018,2017
car mechanic simulator 2021,2021
card shark,2022
cardlife,2018
cards against humanity,2016
carrion,2020
casino,2018
casino,2024
casino games,2016
casino jackpot,2023
casino jackpot,2024
casino simulator,2024
casino slot machine,2023
casino_old,2016
casino_old,2017
casino_old,2018
castlevania,2016
castlevania: rondo of blood,2017
castlevania: symphony of the night,2016
cat goes fishing,2017
celeste,2018
celeste,2019
celeste,2024
chained together,2024
chernobylite,2019
chernobylite,2021
chess,2016
chess,2017
chess,2018
chess,2019
chess,2020
chess,2021
chess,2022
chess,2023
chess,2024
children of morta,2019
chilla's art: the kidnap,2023
chimeraland,2022
choice chamber,2016
choo-choo charles,2022
chowderchu,2016
chronicle: runescape legends,2016
chrono trigger,2017
chrono trigger,2019
chuchel,2018
citadel: forged with fire,2017
citadel: forged with fire,2018
cities: skylines,2016
cities: skylines,2017
cities: skylines,2018
cities: skylines,2019
cities: skylines,2020
cities: skylines,2022
cities: skylines,2023
cities: skylines ii,2023
clop,2019
close to the sun,2019
clubhouse games: 51 worldwide classics,2020
clubhouse games: 51 worldwide classics,2022
clustertruck,2016
code vein,2019
codenames,2020
codenames,2021
codenames,2023
comedy night,2017
command & conquer remastered collection,2020
company of heroes 3,2023
conan exiles,2017
conan exiles,2018
conan exiles,2019
conan exiles,2020
conan exiles,2021
conan exiles,2022
conan exiles,2023
conarium,2017
concord,2024
condemned: criminal origins,2016
conqueror's blade,2019
conqueror's blade,2020
conqueror's blade,2021
conqueror's blade,2022
construction simulator,2022
construction simulator 2015,2016
content warning,2024
contraband police,2023
contraband police,2024
control,2019
control,2020
"cook, serve, delicious! 2!!",2017
cookie run: kingdom,2021
cooking simulator,2019
core keeper,2022
core keeper,2024
corpse party,2016
cosmos,2017
cossacks 3,2016
counter-strike 1.6,2023
counter-strike 2 limited test,2023
crab champions,2023
craftopia,2020
crash bandicoot,2016
crash bandicoot 2: cortex strikes back,2017
crash bandicoot 4: it's about time,2020
crash bandicoot n. sane trilogy,2017
crash bandicoot n. sane trilogy,2018
crash bandicoot n. sane trilogy,2019
crash team racing nitro-fueled,2019
crea,2016
creative,2016
creative,2017
creative,2018
creativedestruction,2018
cricket,2020
crime scene cleaner,2024
crimson snow,2022
crisis core: final fantasy vii - reunion,2022
crosscode,2018
crossout,2016
crossout,2017
crow country,2024
crowfall,2021
crsed: f.o.a.d.,2018
crucible,2020
crunchyroll anime awards,2019
crusader kings ii,2017
crusader kings iii,2020
crusader kings iii,2022
crusader kings iii,2023
crypto,2018
crypto,2019
crypto,2021
crypto,2022
crypto,2023
crypto,2024
cube escape: paradox,2018
cube world,2019
cult of the lamb,2022
cult of the lamb,2023
cult of the lamb,2024
cuphead,2017
cuphead,2018
cuphead,2019
cuphead,2020
cuphead,2021
cuphead,2022
cuphead,2024
curse of the dead gods,2020
curse of the dead gods,2021
cyberpunk 2077,2018
cyberpunk 2077,2019
cyberpunk 2077,2020
cyberpunk 2077,2021
cyberpunk 2077,2022
cyberpunk 2077,2023
cyberpunk 2077,2024
cyphers,2023
dale & dawson stationery supplies,2024
danganronpa 2: goodbye despair,2016
danganronpa 2: goodbye despair,2019
danganronpa 2: goodbye despair,2020
danganronpa v3: killing harmony,2017
danganronpa v3: killing harmony,2020
danganronpa: trigger happy havoc,2016
danganronpa: trigger happy havoc,2019
danganronpa: trigger happy havoc,2020
dark and darker,2022
dark and darker,2023
dark and darker,2024
dark and light,2017
dark roll: free kick challenge,2021
dark souls,2016
dark souls,2017
dark souls,2018
dark souls,2019
dark souls,2020
dark souls,2021
dark souls,2022
dark souls ii,2016
dark souls ii,2017
dark souls ii,2018
dark souls ii,2019
dark souls ii,2020
dark souls ii,2021
dark souls ii,2022
dark souls ii,2023
dark souls ii: scholar of the first sin,2016
dark souls ii: scholar of the first sin,2017
dark souls ii: scholar of the first sin,2018
dark souls ii: scholar of the first sin,2019
dark souls ii: scholar of the first sin,2020
dark souls ii: scholar of the first sin,2023
dark souls ii: scholar of the first sin,2024
dark souls iii,2016
dark souls iii,2017
dark souls iii,2018
dark souls iii,2019
dark souls iii,2020
dark souls iii,2021
dark souls iii,2022
dark souls iii,2023
dark souls iii,2024
dark souls: remastered,2023
dark souls: remastered,2024
darkest dungeon,2016
darkest dungeon,2017
darkest dungeon,2018
darkest dungeon,2019
darkest dungeon,2020
darkest dungeon,2021
darkest dungeon,2023
darkest dungeon ii,2021
darkest dungeon ii,2023
darksiders genesis,2019
darksiders ii,2016
darksiders iii,2018
darkwood,2017
darwin project,2018
darwin project,2020
dating simulator,2023
dauntless,2017
dauntless,2018
dauntless,2019
dave the diver,2022
dave the diver,2023
dawn of man,2019
daymare: 1998,2019
days gone,2019
days gone,2021
days gone,2022
dayz,2016
dayz,2017
dayz,2018
dayz,2019
dayz,2020
dayz,2021
dayz,2022
dayz,2023
dayz,2024
dc universe online,2016
dead cells,2017
dead cells,2018
dead cells,2019
dead cells,2020
dead cells,2022
dead cells,2023
dead island 2,2023
dead rising,2016
dead rising 2,2016
dead rising 4,2016
dead rising deluxe remaster,2024
dead signal,2023
dead signal,2024
dead space,2016
dead space,2017
dead space,2023
dead space 2,2016
dead space 2,2019
dead space 2,2020
dead space 3,2016
deadside,2020
death must die,2023
death road to canada,2016
death stranding,2019
death stranding,2020
death stranding,2023
death stranding: directorâ€tms cut,2022
death's door,2021
death's gambit,2018
deathgarden: bloodharvest,2018
deathgarden: bloodharvest,2019
deathloop,2021
deceit,2017
deceit,2018
deceit,2019
deceit,2020
deceit 2,2023
deceive inc.,2023
deep rock galactic,2018
deep rock galactic,2020
deep rock galactic: survivor,2024
defunct,2016
delta force,2024
deltarune: chapter 1,2018
demon slayer -kimetsu no yaiba- the hinokami chronicles,2021
demon's souls,2016
demon's souls,2017
demon's souls,2018
demon's souls,2020
demon's souls,2021
demonologist,2023
deponia doomsday,2016
descenders,2018
desolate,2018
desperados iii,2020
destiny,2016
destiny,2017
destiny 2,2017
destiny 2,2018
destiny 2,2019
destiny 2,2020
destiny 2,2021
destiny 2,2022
destiny 2,2023
destiny 2,2024
destiny child,2016
destroy all humans!,2020
destruction allstars,2021
detention,2017
detroit: become human,2018
detroit: become human,2019
detroit: become human,2020
detroit: become human,2021
detroit: become human,2022
detroit: become human,2023
detroit: become human,2024
deus ex,2016
deus ex: human revolution - director's cut,2016
deus ex: mankind divided,2016
devil daggers,2016
devil may cry,2017
devil may cry 3: special edition,2019
devil may cry 4: special edition,2019
devil may cry 5,2019
devil may cry 5,2020
devil may cry hd collection,2018
devotion,2019
devour,2021
devour,2022
devour,2023
diablo,2016
diablo,2018
diablo ii,2020
diablo ii,2021
diablo ii: lord of destruction,2016
diablo ii: lord of destruction,2017
diablo ii: lord of destruction,2018
diablo ii: lord of destruction,2019
diablo ii: lord of destruction,2020
diablo ii: resurrected,2021
diablo ii: resurrected,2022
diablo ii: resurrected,2023
diablo iii,2016
diablo iii,2017
diablo iii,2018
diablo iii,2019
diablo iii,2020
diablo iii,2021
diablo iii,2022
diablo iii,2023
diablo iii,2024
diablo immortal,2022
diablo iv,2019
diablo iv,2023
diablo iv,2024
dicey dungeons,2019
die young,2017
digimon story cyber sleuth,2016
digimon story: cyber sleuth - hacker's memory,2017
digimon survive,2022
digimon world: next order,2017
dinkum,2022
dirt rally,2016
disc jam,2017
disco elysium,2019
dishonored,2016
dishonored 2,2016
dishonored: death of the outsider,2017
disney dreamlight valley,2022
disney dreamlight valley,2023
divinity: original sin,2016
divinity: original sin,2017
divinity: original sin ii,2016
divinity: original sin ii,2017
divinity: original sin ii,2018
divinity: original sin ii,2019
divinity: original sin ii,2020
divinity: original sin ii,2021
djs,2024
dko: divine knockout,2022
dnc 2016,2016
doctor who pinball,2018
doki doki literature club plus!,2021
doki doki literature club!,2017
doki doki literature club!,2018
dome keeper,2022
domina,2017
don't scream,2023
don't starve,2016
don't starve,2018
don't starve together,2016
don't starve together,2017
don't starve together,2018
don't starve together,2019
don't starve together,2020
don't starve together,2021
don't starve together,2022
don't starve together,2023
don't starve together,2024
donkey kong 64,2016
donkey kong 64,2017
donkey kong 64,2019
donkey kong country,2016
donkey kong country,2018
donkey kong country 2: diddy's kong quest,2016
donkey kong country 3: dixie kong's double trouble!,2020
donkey kong country: tropical freeze,2016
donkey kong country: tropical freeze,2018
doom,2016
doom,2017
doom,2018
doom,2019
doom,2020
doom eternal,2020
doom eternal,2021
dragalia lost,2018
dragon age: inquisition,2022
dragon age: origins,2022
dragon ball,2022
dragon ball,2023
dragon ball,2024
dragon ball z dokkan battle,2017
dragon ball z dokkan battle,2022
dragon ball z: kakarot,2020
dragon ball: the breakers,2022
dragon ball: xenoverse 2,2016
dragon quest builders,2016
dragon quest builders 2,2019
dragon quest heroes ii,2016
dragon quest iv,2017
dragon quest iv,2018
dragon quest iv,2019
dragon quest monsters: the dark prince,2023
dragon quest x online,2022
dragon quest xi s: echoes of an elusive age - definitive edition,2023
dragon quest xi: echoes of an elusive age,2020
dragon's dogma ii,2024
dragon's dogma: dark arisen,2016
dragon's dogma: dark arisen,2017
dragon's dogma: dark arisen,2020
dragon's dogma: dark arisen,2024
dragonheir: silent gods,2023
drawful 2,2016
dread hunger,2021
dread hunger,2022
dreadnought,2016
dreadnought,2017
dreadout 2,2020
dream daddy: a dad dating simulator,2017
dreams,2020
dredge,2023
dropzone,2017
drug dealer simulator,2020
duelyst,2016
duke nukem forever,2017
dungeon fighter online,2018
dungeon fighter online,2021
dungeon fighter online,2022
dungeon fighter online,2023
dungeon hunter champions,2018
dungeon of the endless,2017
dungeonborne,2024
dungeons & dragons,2016
dungeons & dragons,2017
dungeons & dragons,2018
dungeons & dragons,2019
dungeons & dragons,2020
dungeons & dragons,2021
dungeons & dragons,2022
dungeons & dragons,2023
dungeons & dragons,2024
dungeons & dragons: dark alliance,2021
dungreed,2018
duplicate sleepers,2021
dwarf fortress,2022
dying light,2016
dying light,2017
dying light,2018
dying light,2019
dying light,2020
dying light,2021
dying light,2022
dying light 2: stay human,2021
dying light 2: stay human,2022
dying light: bad blood,2018
dynasty warriors 9,2018
dyson sphere program,2021
e3,2018
e3 2016,2016
e3 2017,2017
e3 2018,2018
ea sports college football 25,2024
ea sports fc 25,2024
ea sports ufc 2,2016
ea sports ufc 3,2018
ea sports ufc 3,2019
ea sports ufc 4,2020
earth defense force 5,2018
earth defense force 5,2019
earthbound,2017
earthfall,2018
ebaseball pawafuru puroyakyu 2022,2022
ebaseball powerful pro yaky<u+016b> 2020,2020
eco,2018
eco,2020
eco,2021
eco,2022
eco,2023
eco,2024
efootball 2022,2022
efootball pes 2020,2019
efootball pes 2020,2020
el chavo,2023
el chavo,2024
elden ring,2021
elden ring,2022
elden ring,2023
elden ring,2024
elex,2017
elex ii,2022
elite: dangerous,2016
elite: dangerous,2017
elite: dangerous,2018
elite: dangerous,2019
elite: dangerous,2021
elyon,2021
enlisted,2021
enotria: the last song,2024
enshrouded,2024
enter the gungeon,2016
enter the gungeon,2017
enter the gungeon,2018
enter the gungeon,2019
epic seven,2018
epic seven,2019
epic seven,2020
epic seven,2021
epic seven,2022
epic seven,2023
epic seven,2024
escape from tarkov: arena,2023
escape from tarkov: arena,2024
escape simulator,2021
escape simulator,2022
escape the backrooms,2023
escape the backrooms,2024
eternal card game,2016
eternal card game,2017
eternal card game,2018
eternal card game,2019
eternal card game,2020
eternal return,2021
eternal return,2022
eternal return,2023
eternal return,2024
eternal return: black survival,2020
eternal return: black survival,2021
euro truck simulator 2,2016
euro truck simulator 2,2017
euro truck simulator 2,2018
euro truck simulator 2,2019
euro truck simulator 2,2020
euro truck simulator 2,2021
euro truck simulator 2,2022
euro truck simulator 2,2023
euro truck simulator 2,2024
europa universalis iv,2016
europa universalis iv,2017
europa universalis iv,2018
europa universalis iv,2019
europa universalis iv,2020
europa universalis iv,2023
eve online,2016
eve online,2017
eve online,2018
eve online,2019
eve online,2023
eve online,2024
event[0],2016
everquest,2017
everquest,2020
everspace,2017
everybody's golf,2017
evil dead: the game,2022
evil genius 2: world domination,2021
evil west,2022
evoland 2,2016
exanima,2016
exanima,2018
exoprimal,2023
expeditions: rome,2022
exploration,2017
extra life,2016
extra life,2017
extra life,2018
f-zero 99,2023
f-zero gx,2018
f1 2016,2016
f1 2017,2017
f1 2017,2018
f1 23,2023
f1 23,2024
f1 24,2024
f1 manager 2022,2022
f1 manager 2023,2023
factorio,2016
factorio,2017
factorio,2018
factorio,2019
factorio,2020
factorio,2022
fae farm,2023
fall guys: ultimate knockout,2020
fall guys: ultimate knockout,2021
fallout,2020
fallout 3,2017
fallout 3,2018
fallout 3,2024
fallout 4,2016
fallout 4,2017
fallout 4,2018
fallout 4,2019
fallout 4,2020
fallout 4,2022
fallout 4,2023
fallout 4,2024
fallout 76,2018
fallout 76,2019
fallout 76,2020
fallout 76,2024
fallout: new vegas,2016
fallout: new vegas,2017
fallout: new vegas,2018
fallout: new vegas,2019
fallout: new vegas,2024
far cry 4,2016
far cry 5,2018
far cry 6,2021
far cry new dawn,2019
far cry: primal,2016
far: lone sails,2018
farm together,2018
farmer's dynasty,2018
farming simulator 15,2016
farming simulator 17,2016
farming simulator 17,2017
farming simulator 17,2018
farthest frontier,2022
fate seeker,2018
fate/extella: the umbral star,2016
fate/grand order,2017
fate/grand order,2018
fate/grand order,2019
fate/grand order,2020
fear the wolves,2018
fears to fathom: carson house,2023
fears to fathom: ironbark lookout,2023
fears to fathom: woodbury getaway,2024
feign,2021
fields of mistria,2024
final fantasy,2017
final fantasy iv,2016
final fantasy iv,2017
final fantasy iv,2018
final fantasy iv,2019
final fantasy ix,2016
final fantasy ix,2017
final fantasy ix,2019
final fantasy tactics: the war of the lions,2016
final fantasy v,2016
final fantasy v,2017
final fantasy vi,2016
final fantasy vi,2018
final fantasy vii,2016
final fantasy vii,2017
final fantasy vii,2018
final fantasy vii,2019
final fantasy vii,2020
final fantasy vii,2021
final fantasy vii,2023
final fantasy vii,2024
final fantasy vii rebirth,2024
final fantasy vii remake,2020
final fantasy vii remake,2021
final fantasy vii remake,2022
final fantasy vii remake,2024
final fantasy viii,2019
final fantasy viii,2020
final fantasy x,2022
final fantasy x/x-2 hd remaster,2016
final fantasy xi,2018
final fantasy xi,2019
final fantasy xii,2016
final fantasy xii: the zodiac age,2017
final fantasy xiv online,2017
final fantasy xiv online,2018
final fantasy xiv online,2019
final fantasy xiv online,2020
final fantasy xiv online,2021
final fantasy xiv online,2022
final fantasy xiv online,2023
final fantasy xiv online,2024
final fantasy xiv: heavensward,2016
final fantasy xiv: heavensward,2017
final fantasy xv,2016
final fantasy xv,2017
final fantasy xv,2018
final fantasy xvi,2023
final fantasy xvi,2024
finding bigfoot,2017
fire emblem echoes: shadows of valentia,2017
fire emblem engage,2023
fire emblem fates: special edition,2016
fire emblem heroes,2017
fire emblem: path of radiance,2016
fire emblem: the blazing blade,2016
fire emblem: the blazing blade,2017
fire emblem: the sacred stones,2018
fire emblem: three houses,2019
fire emblem: three houses,2020
firefighting simulator,2020
firewatch,2016
first class trouble,2021
fist of the north star: lost paradise,2018
fitness & health,2018
fitness & health,2019
fitness & health,2020
fitness & health,2021
five dates,2020
five nights at freddy's,2020
five nights at freddy's 2,2023
five nights at freddy's: into the pit,2024
five nights at freddy's: security breach,2021
five nights at freddy's: security breach,2022
five nights at freddy's: security breach,2023
five nights at freddy's: sister location,2016
food & drink,2018
food & drink,2019
food & drink,2020
food & drink,2021
food & drink,2022
food & drink,2023
food & drink,2024
food truck simulator,2022
football manager 2017,2016
football manager 2017,2017
football manager 2018,2017
football manager 2018,2018
football manager 2019,2018
football manager 2019,2019
football manager 2020,2019
football manager 2020,2020
football manager 2021,2020
football manager 2021,2021
football manager 2022,2021
football manager 2022,2022
football manager 2023,2022
football manager 2023,2023
football manager 2024,2023
football manager 2024,2024
for honor,2016
for honor,2017
for honor,2018
for honor,2019
for honor,2020
for honor,2021
for honor,2022
for honor,2023
for the king,2017
for the king,2018
for the king,2020
for the king,2021
for the king ii,2023
forager,2019
forced showdown,2016
forspoken,2023
fortnite zero build,2023
forts,2017
forza horizon 3,2016
forza horizon 3,2017
forza horizon 4,2018
forza horizon 4,2019
forza horizon 4,2020
forza horizon 4,2021
forza motorsport,2023
foundation,2019
foxhole,2017
foxhole,2021
foxhole,2022
foxhole,2023
freedom planet,2017
friday night funkin',2021
friday the 13th: the game,2016
friday the 13th: the game,2017
friday the 13th: the game,2018
friday the 13th: the game,2019
friday the 13th: the game,2020
friday the 13th: the game,2021
friends marble,2018
friends marble,2019
frostpunk,2018
frostpunk,2019
frostpunk,2020
frostpunk 2,2024
ftl: faster than light,2016
ftl: faster than light,2017
ftl: faster than light,2018
ftl: faster than light,2019
ftl: faster than light,2020
furi,2016
game & wario,2016
games + demos,2016
games + demos,2017
games + demos,2018
games + demos,2019
games + demos,2020
games + demos,2021
games + demos,2022
games + demos,2023
games + demos,2024
gamescom 2017,2017
gang beasts,2016
gang beasts,2017
gang beasts,2018
gang beasts,2021
garena free fire,2019
garena free fire,2020
garena free fire,2021
garena free fire,2022
garena free fire,2023
garena free fire,2024
garry's mod,2016
garry's mod,2017
garry's mod,2018
garry's mod,2019
garry's mod,2020
garry's mod,2021
garry's mod,2022
garry's mod,2023
garry's mod,2024
gartic phone,2021
gartic phone,2022
gartic phone,2023
gartic show,2022
gas station simulator,2021
gas station simulator,2022
gas station simulator,2024
gears tactics,2020
generation zero,2019
genshin impact,2020
genshin impact,2021
genshin impact,2022
genshin impact,2023
genshin impact,2024
geometry dash,2016
geometry dash,2017
get even,2017
getting over it with bennett foddy,2017
getting over it with bennett foddy,2018
getting over it with bennett foddy,2019
getting over it with bennett foddy,2023
ghost hunters corp,2021
ghost of a tale,2016
ghost of a tale,2018
ghost of tsushima,2020
ghost of tsushima,2021
ghost of tsushima,2024
ghost of tsushima: director's cut,2021
ghost watchers,2022
ghostbusters,2016
ghostbusters: spirits unleashed,2022
ghostrunner,2020
ghosts 'n goblins resurrection,2021
ghostwire: tokyo,2022
gigantic,2017
girls' frontline,2017
glitchcon,2020
goat simulator,2016
goat simulator 3,2022
god eater 3,2019
god of war,2018
god of war,2019
god of war,2020
god of war,2021
god of war,2022
god of war,2023
god of war collection,2017
god of war collection,2018
god of war ii,2018
god of war iii,2017
god of war iii,2018
god of war ragnarã¶k,2022
god of war ragnarã¶k,2023
god of war ragnarã¶k,2024
god's basement,2018
goddess of victory: nikke,2022
goddess of victory: nikke,2023
goddess of victory: nikke,2024
godfall,2020
going medieval,2021
gold rush: the game,2017
golf gang,2022
golf it!,2017
golf it!,2018
golf it!,2019
golf it!,2020
golf it!,2022
golf it!,2023
golf story,2017
golfing over it with alva majo,2018
google go,2016
goose goose duck,2021
goose goose duck,2022
goose goose duck,2023
gotham knights,2022
gothic ii: night of the raven,2017
gothic ii: night of the raven,2020
granblue fantasy: relink,2024
grand chase,2021
grand theft auto iii,2016
grand theft auto iii: the definitive edition,2021
grand theft auto iv,2018
grand theft auto iv,2020
grand theft auto iv,2022
grand theft auto v,2016
grand theft auto v,2017
grand theft auto v,2018
grand theft auto v,2019
grand theft auto v,2020
grand theft auto v,2021
grand theft auto v,2022
grand theft auto v,2023
grand theft auto v,2024
grand theft auto: san andreas,2016
grand theft auto: san andreas,2017
grand theft auto: san andreas,2018
grand theft auto: san andreas,2019
grand theft auto: san andreas,2020
grand theft auto: san andreas,2021
grand theft auto: san andreas,2022
grand theft auto: san andreas,2023
grand theft auto: san andreas,2024
grand theft auto: san andreas – the definitive edition,2021
grand theft auto: vice city,2017
grand theft auto: vice city,2019
grand theft auto: vice city – the definitive edition,2021
granny,2018
granny,2021
graveyard keeper,2018
graveyard keeper,2021
gray zone warfare,2024
greedfall,2019
green hell,2018
green hell,2019
green hell,2020
green hell,2021
grid 2,2016
griftlands,2020
grim dawn,2016
grim dawn,2017
grim dawn,2018
grim dawn,2019
grime,2021
gris,2018
grounded,2020
grounded,2021
grounded,2022
grounded,2023
grounded,2024
gtfo,2019
gtfo,2020
gtfo,2021
guacamelee! gold edition,2017
guilty gear xrd: revelator,2016
guilty gear xrd: revelator,2017
guilty gear: strive,2021
guilty gear: strive,2022
guilty gear: strive,2023
guilty gear: strive,2024
gundam evolution,2022
gunfire reborn,2020
gunfire reborn,2021
gwent: the witcher card game,2016
gwent: the witcher card game,2017
gwent: the witcher card game,2018
gwent: the witcher card game,2019
gwent: the witcher card game,2020
gwent: the witcher card game,2021
gwent: the witcher card game,2022
gym simulator 24,2024
hades,2018
hades,2019
hades,2020
hades,2021
hades,2022
hades,2023
hades ii,2024
halcyon 6: starbase commander,2016
half dead 2,2019
half life 2: survivor,2016
half sword,2023
half-life 2,2016
half-life 2,2017
half-life 2,2020
half-life: alyx,2020
halls of torment,2023
halo online,2018
halo wars 2,2017
halo: the master chief collection,2018
halo: the master chief collection,2019
halo: the master chief collection,2020
halo: the master chief collection,2021
hand of fate,2017
hand of fate 2,2017
hand simulator,2017
hand simulator,2018
hand simulator,2019
hans,2023
happy's humble burger farm,2021
harvester,2016
harvester,2017
have a nice death,2023
hawked,2024
hay day,2022
headbangers: rhythm royale,2023
hearts of iron iv,2016
hearts of iron iv,2017
hearts of iron iv,2018
hearts of iron iv,2019
hearts of iron iv,2020
hearts of iron iv,2021
hearts of iron iv,2022
heave ho,2019
heavy rain,2016
heavy rain,2017
hell let loose,2018
hell let loose,2019
hell let loose,2022
hellblade: senua's sacrifice,2017
helldivers 2,2024
hello neighbor,2016
hello neighbor,2017
hello neighbor 2,2022
hellpoint,2020
heroes of hammerwatch,2018
heroes of might and magic iii: the restoration of erathia,2020
heroes of might and magic iii: the restoration of erathia,2021
heroes of might and magic iii: the restoration of erathia,2022
heroes of might and magic iii: the restoration of erathia,2023
heroes of might and magic iii: the restoration of erathia,2024
heroes of might and magic iii: the shadow of death,2016
heroes of might and magic iii: the shadow of death,2017
heroes of might and magic iii: the shadow of death,2018
heroes of might and magic iii: the shadow of death,2019
heroes of might and magic iii: the shadow of death,2020
heroes of might and magic v: tribes of the east,2018
hex: shards of fate,2016
hexen: beyond heretic,2016
hi-fi rush,2023
hidden agenda,2017
hide or die,2019
high on life,2022
high on life,2023
hitman,2016
hitman,2017
hitman,2018
hitman,2021
hitman 2,2018
hitman 2,2021
hitman 3,2021
hitman 3,2022
hitman world of assassination,2023
hitman world of assassination,2024
hitman: absolution,2016
hitman: blood money,2016
hivemind gameshow,2021
hob,2017
hobo: tough life,2021
hogwarts legacy,2023
hogwarts legacy,2024
hokuto no ken 2,2018
holdfast: nations at war,2017
holdfast: nations at war,2022
hollow cocoon,2023
hollow knight,2017
hollow knight,2018
hollow knight,2019
hollow knight,2020
hollow knight,2021
hollow knight,2022
hollow knight,2023
hollow knight,2024
holocure: save the fans!,2023
home run derby vr,2018
home sweet home,2017
home sweet home: survive,2021
homefront: the revolution,2016
honkai: star rail,2023
honkai: star rail,2024
hood: outlaws & legends,2021
hooked on you: a dead by daylight dating sim,2022
horizon forbidden west,2022
horizon forbidden west,2023
horizon forbidden west,2024
horizon zero dawn,2017
horizon zero dawn,2020
horizon zero dawn,2022
horror stories,2016
hospital 666,2024
hot lava,2018
hot wheels unleashed,2021
house flipper,2018
house flipper,2019
house flipper,2020
house flipper,2022
house flipper 2,2023
house party,2017
human: fall flat,2016
human: fall flat,2017
human: fall flat,2018
human: fall flat,2019
humankind,2021
hunt: showdown,2018
hunt: showdown,2019
hunt: showdown,2020
hunt: showdown,2021
hunt: showdown,2022
hunt: showdown,2023
hunt: showdown 1896,2023
hunt: showdown 1896,2024
hurtworld,2016
hyper light drifter,2016
hyrule warriors: age of calamity,2020
i am fish,2021
i am setsuna,2016
i wanna be the boshy,2017
i wanna be the boshy,2018
i wanna be the guy,2016
i'm on observation duty 5,2022
i'm on observation duty 6,2023
i'm only sleeping,2021
i'm only sleeping,2022
i'm only sleeping,2023
i'm only sleeping,2024
icarus,2021
idol manager,2021
iji,2016
illusion of gaia,2016
imdb live viewing party,2017
immortal redneck,2017
immortal: unchained,2018
immortals fenyx rising,2020
immortals of aveum,2023
imperator: rome,2019
in silence,2020
in sound mind,2021
inazuma eleven go: chrono stones - wildfire,2024
inazuma eleven go: shadow,2024
indika,2024
indivisible,2019
infestation: survivor stories,2016
infestation: the new z,2016
infestation: the new z,2017
infestation: the new z,2018
infestation: the new z,2019
infinite craft,2024
infliction,2018
inscryption,2021
inscryption,2022
inside,2016
inside the backrooms,2022
insurgency: sandstorm,2018
internet cafe simulator,2019
internet cafe simulator 2,2022
into the breach,2018
intruder,2019
inzoi,2024
iracing,2016
iracing,2017
iracing,2018
iracing,2019
iracing,2020
iracing,2021
iracing,2022
iracing,2023
iracing,2024
iratus: lord of the dead,2019
irl,2016
irl,2017
irl,2018
irl,2023
irl,2024
islands of nyne: battle royale,2017
islands of nyne: battle royale,2018
it takes two,2021
it takes two,2022
it takes two,2023
ixion,2022
jackbox party packs,2016
jackbox party packs,2017
jackbox party packs,2018
jackbox party packs,2019
jackbox party packs,2020
jackbox party packs,2021
jackbox party packs,2022
jackbox party packs,2023
jackbox party packs,2024
jagged alliance 3,2023
jak and daxter: the precursor legacy,2016
jet set radio future,2017
jikkyou powerful pro yakyuu 2018,2018
jikkyou powerful pro yakyuu 2018,2019
jojo's bizarre adventure,2018
journey to the savage planet,2020
judgement,2018
judgement,2019
judgment,2019
judgment,2021
judgment: apocalypse survival simulation,2018
jump force,2019
jump king,2019
jump king,2020
jump king,2021
jump king,2022
jump king,2023
jurassic world evolution,2018
jurassic world evolution 2,2021
just cause 3,2016
just cause 4,2018
just chatting,2018
just chatting,2019
just chatting,2020
just chatting,2021
just chatting,2022
just chatting,2023
just chatting,2024
just dance 2017,2016
just dance 2017,2017
just dance 2018,2017
just dance 2018,2018
just dance 2019,2018
just dance 2019,2019
just dance 2020,2019
just dance 2022,2021
just dance 2022,2022
just survive,2016
kageroh: shadow corridor,2019
kantai collection,2016
kantai collection,2017
kantai collection,2018
karaoke,2016
kartrider: drift,2023
katamari damacy,2018
katana zero,2019
kebab chefs!: restaurant simulator,2024
kena: bridge of spirits,2021
kenshi,2018
kenshi,2019
kenshi,2023
kenshi,2024
kerbal space program,2016
kerbal space program,2017
kerbal space program,2018
kerbal space program,2019
kerbal space program 2,2023
killer frequency,2023
killer instinct,2016
killer instinct,2017
killer klowns from outer space: the game,2024
killing floor 2,2016
killing floor 2,2017
kindergarten,2017
king arthur: knight's tale,2022
king of crabs,2020
king of the castle,2023
kingdom come: deliverance,2016
kingdom come: deliverance,2018
kingdom come: deliverance,2019
kingdom come: deliverance,2020
kingdom come: deliverance,2021
kingdom come: deliverance,2023
kingdom come: deliverance,2024
kingdom hearts hd 1.5 + 2.5 remix,2017
kingdom hearts hd 1.5 + 2.5 remix,2018
kingdom hearts hd 1.5 + 2.5 remix,2019
kingdom hearts hd 1.5 + 2.5 remix,2024
kingdom hearts hd 1.5 remix,2016
kingdom hearts ii,2017
kingdom hearts iii,2019
kingdom hearts iii,2020
kingdom of the winds,2020
kingdom two crowns,2018
kingdom under fire ii,2019
kingdom: new lands,2016
kingdoms and castles,2017
kingdoms of amalur: reckoning,2020
kings league,2024
kirby 64: the crystal shards,2016
kirby and the forgotten land,2022
kirby star allies,2018
kirby super star,2017
kirby's dream land 3,2017
kirby: nightmare in dream land,2016
kirby: planet robobot,2017
kirby: squeak squad,2016
knight online,2016
knight online,2017
knight online,2018
knight online,2019
knight online,2020
knight online,2021
knight online,2022
knight online,2023
knight online,2024
knock on the coffin lid,2024
kona,2017
korean baseball league,2020
krunker,2020
krunker,2021
krunker,2022
l.a. noire,2016
l.a. noire,2017
last day on earth: survival,2020
last epoch,2019
last epoch,2023
last epoch,2024
last oasis,2020
last tide,2018
last year,2018
last year,2019
late shift,2017
late shift,2018
lawbreakers,2016
lawbreakers,2017
layers of fear,2016
layers of fear,2023
layers of fear 2,2019
left 4 dead,2017
left 4 dead 2,2016
left 4 dead 2,2017
left 4 dead 2,2018
left 4 dead 2,2019
left 4 dead 2,2020
left 4 dead 2,2021
left 4 dead 2,2023
left 4 dead 2,2024
legend of mortal,2024
lego star wars: the complete saga,2019
lego star wars: the force awakens,2016
lego star wars: the skywalker saga,2022
lego the lord of the rings,2016
lego worlds,2017
let it die,2016
let it die,2017
lethal company,2023
lethal company,2024
lies of p,2023
lies of p,2024
life is feudal: mmo,2017
life is feudal: mmo,2018
life is strange,2016
life is strange,2017
life is strange,2018
life is strange,2021
life is strange 2,2018
life is strange 2,2019
life is strange: before the storm,2017
life is strange: before the storm,2018
life is strange: before the storm,2021
life is strange: true colors,2021
like a dragon gaiden: the man who erased his name,2023
like a dragon: infinite wealth,2024
like a dragon: ishin!,2023
line of sight,2017
lineage 2,2020
lineage 2,2021
lineage 2,2022
lineage 2,2023
lineage 2: revolution,2017
lineage 2m,2021
lineage ii,2023
lineage ii,2024
lineage ii: the chaotic throne - the 1st throne: the kamael,2016
lineage ii: the chaotic throne - the 1st throne: the kamael,2017
lineage ii: the chaotic throne - the 1st throne: the kamael,2018
lineage ii: the chaotic throne - the 1st throne: the kamael,2019
lineage ii: the chaotic throne - the 1st throne: the kamael,2020
lineage m,2017
lineage m,2018
lineage w,2021
lineage: the blood pledge,2020
lineage: the blood pledge,2023
"little kitty, big city",2024
little misfortune,2019
little nightmares,2017
little nightmares,2021
little nightmares ii,2021
littlebigplanet 2,2018
live,2022
live,2023
live,2024
lockdown protocol,2024
london 2012: the official video game,2016
loop hero,2021
lords of the fallen,2023
lost ark,2017
lost ark,2018
lost ark,2019
lost ark,2020
lost ark,2021
lost ark,2022
lost ark,2023
lost ark,2024
lost in random,2021
lost judgment,2021
lost judgment,2022
lost judgment,2023
luigi's mansion,2017
luigi's mansion 3,2019
m.u.g.e.n,2016
m.u.g.e.n,2017
m.u.g.e.n,2018
m.u.g.e.n,2019
m.u.g.e.n,2020
mad games tycoon 2,2021
mad max,2016
mad max,2017
made in abyss: binary star falling into darkness,2022
madison,2022
maelstrom,2018
mafia,2016
mafia,2017
mafia ii,2016
mafia ii,2020
mafia iii,2016
mafia live!,2016
mafia: definitive edition,2020
magic: legends,2021
magic: the gathering,2016
magic: the gathering,2017
magic: the gathering,2018
magic: the gathering,2019
magic: the gathering,2020
magic: the gathering,2021
magic: the gathering,2022
magic: the gathering,2023
magic: the gathering,2024
mahjong soul,2021
mahjong soul,2022
mahjong soul,2023
mahjong soul,2024
make it meme,2023
makers & crafting,2018
makers & crafting,2019
makers & crafting,2020
makers & crafting,2021
makers & crafting,2022
makers & crafting,2023
makers & crafting,2024
maneater,2020
manor lords,2024
mansions of madness,2019
maplestory,2016
maplestory,2017
maplestory,2018
maplestory,2019
maplestory,2020
maplestory,2021
maplestory,2022
maplestory,2023
maplestory,2024
maplestory 2,2018
maplestory m,2018
maplestory worlds,2023
maplestory worlds,2024
marauders,2022
marauders,2023
marble it up!,2018
mario & luigi: superstar saga,2018
mario & luigi: superstar saga,2020
mario & sonic at the olympic games tokyo 2020,2019
mario + rabbids kingdom battle,2017
mario + rabbids sparks of hope,2022
mario golf: super rush,2021
mario kart 64,2016
mario kart 8,2016
mario kart 8,2017
mario kart 8,2018
mario kart 8,2019
mario kart 8,2020
mario kart 8,2021
mario kart ds,2019
mario party 10,2016
mario party superstars,2021
mario party superstars,2022
mario party superstars,2023
mario party superstars,2024
mario strikers: battle league,2022
mark of the ninja,2016
martha is dead,2022
marvel future fight,2017
marvel rivals,2024
marvel snap,2022
marvel snap,2023
marvel snap,2024
marvel ultimate alliance 3: the black order,2019
marvel vs. capcom 2: new age of heroes,2024
marvel's avengers,2020
marvel's guardians of the galaxy,2021
marvel's midnight suns,2022
marvel's spider-man,2018
marvel's spider-man 2,2023
marvel's spider-man remastered,2022
marvel's spider-man: miles morales,2020
mass effect,2016
mass effect,2017
mass effect,2018
mass effect,2019
mass effect 2,2016
mass effect 2,2017
mass effect 3,2016
mass effect 3,2017
mass effect legendary edition,2021
mass effect: andromeda,2017
max payne 3,2020
max payne 3,2021
mecha break,2024
mechabellum,2023
mechwarrior 5: mercenaries,2019
medieval dynasty,2020
medieval dynasty,2023
medieval dynasty,2024
medievil,2019
meet your maker,2023
mega man,2017
mega man 10,2016
mega man 11,2018
mega man 11,2019
mega man 2,2016
mega man battle network,2023
mega man legends,2017
mega man network transmission,2017
mega man x,2016
mega man x,2017
mega man x,2018
mega man x2,2016
mega man x2,2017
mega man zero 2,2016
mega man zero 3,2018
mega man zx advent,2016
melee combat championship,2024
metal gear solid,2016
metal gear solid,2018
metal gear solid 2: sons of liberty,2016
metal gear solid 2: sons of liberty,2017
metal gear solid 3: snake eater,2016
metal gear solid 3: snake eater,2018
metal gear solid 4: guns of the patriots,2016
metal gear solid v: the phantom pain,2016
metal gear solid v: the phantom pain,2017
metal gear solid: peace walker,2016
metal gear survive,2018
metal: hellsinger,2022
metin2,2016
metin2,2017
metin2,2018
metin2,2019
metin2,2020
metin2,2021
metin2,2022
metin2,2023
metin2,2024
metro 2033,2017
metro 2033,2019
metro exodus,2019
metro exodus,2020
metro sim hustle,2019
metro: last light,2016
metro: last light,2017
metro: last light,2019
metroid dread,2021
metroid fusion,2016
metroid fusion,2017
metroid prime,2016
metroid prime,2017
metroid prime 2: echoes,2017
metroid prime 3: corruption,2018
metroid prime remastered,2023
microsoft flight simulator,2020
microsoft flight simulator,2021
microsoft flight simulator,2022
microsoft flight simulator,2023
microsoft flight simulator,2024
microsoft flight simulator x,2016
microsoft flight simulator x,2017
microsoft flight simulator x,2018
microsoft flight simulator x,2019
middle-earth: shadow of mordor,2017
middle-earth: shadow of war,2017
middle-earth: shadow of war,2018
midnight cinema,2021
midnight cinema,2022
midnight ghost hunt,2022
might & magic: elemental guardians,2018
mighty no. 9,2016
mighty no. 9,2017
miitopia,2021
mike tyson's punch-out!!,2016
minecraft dungeons,2020
minecraft: legends,2023
minion masters,2019
mir 4,2023
mir 4,2024
mir tankov,2023
mir4,2021
mir4,2022
mir4,2023
miracle snack shop,2019
mirror's edge,2016
mirror's edge,2017
mirror's edge catalyst,2016
miscreated,2016
miscreated,2017
miscreated,2019
miscreated,2020
mist survival,2018
mister rogers' neighborhood,2017
mister rogers' neighborhood,2018
mistover,2019
mlb 15: the show,2016
mlb the show 16,2016
mlb the show 17,2017
mlb the show 18,2018
mlb the show 19,2019
mlb the show 20,2020
mlb the show 21,2021
mlb the show 22,2022
mlb the show 23,2023
mlb the show 24,2024
monopoly,2016
monopoly,2017
monopoly plus,2018
monopoly plus,2019
monopoly plus,2020
monopoly plus,2021
monopoly plus,2022
monopoly plus,2023
monster hunter generations,2016
monster hunter generations ultimate,2017
monster hunter generations ultimate,2018
monster hunter rise,2021
monster hunter rise,2022
monster hunter rise,2023
monster hunter rise,2024
monster hunter stories 2: wings of ruin,2021
monster hunter world: iceborne,2020
monster hunter: world,2017
monster hunter: world,2018
monster hunter: world,2019
monster hunter: world,2020
monster hunter: world,2021
monster hunter: world,2023
monster hunter: world,2024
monster rancher 2,2019
monster train,2020
monstrum,2016
moonlighter,2018
mortal online 2,2022
mortal shell,2020
motorsport manager,2020
motorsport manager,2021
motorsport manager,2022
mount & blade ii: bannerlord,2020
mount & blade ii: bannerlord,2021
mount & blade ii: bannerlord,2022
mount & blade ii: bannerlord,2023
mount & blade: warband,2017
mount & blade: warband,2018
mount & blade: warband,2019
mount & blade: warband,2020
mount your friends,2016
mount your friends 3d: a hard man is good to climb,2018
move or die,2016
movie world,2021
mu legend,2017
mu online,2022
mu online,2024
muck,2021
mudrunner,2017
murder house,2020
music,2016
music,2017
music,2018
music,2019
music,2020
music,2021
music,2022
music,2023
music,2024
mutant year zero: road to eden,2018
mxm,2016
mxm,2017
my friend pedro,2019
my friendly neighborhood,2023
my hero ultra rumble,2023
my hero ultra rumble,2024
my summer car,2016
my summer car,2017
my summer car,2018
my summer car,2019
my summer car,2020
my summer car,2021
my summer car,2022
my summer car,2023
my time at portia,2018
my time at portia,2019
my time at sandrock,2023
my twin brother made me crossdress as him and now i have to deal with a geeky stalker and a domme beauty who want me in a bind!!,2019
mystery science theater 3000,2017
myth of empires,2021
naruto shippuden: ultimate ninja storm 3 full burst,2016
naruto to boruto: shinobi striker,2018
naval action,2016
nba 2k15,2016
nba 2k16,2016
nba 2k16,2017
nba 2k17,2016
nba 2k17,2017
nba 2k24,2023
nba 2k24,2024
nba 2k25,2024
nba playgrounds,2017
ncaa football 14,2020
necromunda: hired gun,2021
necropolis,2016
need for speed,2016
need for speed unbound,2022
need for speed: heat,2019
need for speed: payback,2017
nekopara vol. 2,2016
neon abyss,2020
neverwinter,2016
new pok<u+00e9>mon snap,2021
new state mobile,2022
new super mario bros.,2016
new super mario bros. u,2019
new world,2020
new world,2021
new world,2022
new world,2023
new world: aeternum,2023
new world: aeternum,2024
next day: survival,2017
nhl 16,2016
nhl 20,2019
nhl 20,2020
nhl 21,2020
nhl 21,2021
nhl 22,2021
nhl 24,2023
ni no kuni ii: revenant kingdom,2018
ni no kuni: cross worlds,2021
ni no kuni: cross worlds,2022
nickelodeon all-star brawl,2021
nickelodeon all-star brawl 2,2023
nier replicant ver.1.22474487139...,2021
nier: automata,2017
nier: automata,2018
nier: automata,2019
nier: automata,2020
night crows,2024
night in the woods,2017
night in the woods,2021
night of the dead,2020
night of the dead,2022
night of the dead,2023
night security,2023
nightingale,2024
nine sols,2024
ninja gaiden black,2018
ninja gaiden iii: the ancient ship of doom,2016
nintendo switch sports,2022
nintendo world championships: nes edition,2024
nioh,2016
nioh,2017
nioh,2018
nioh,2020
nioh 2,2019
nioh 2,2020
nioh 2,2021
nioh 2: the complete edition,2021
nioh_,2016
nitro: stream racing,2023
no man's sky,2016
no man's sky,2017
no man's sky,2018
no man's sky,2019
no man's sky,2020
no man's sky,2021
no man's sky,2022
no man's sky,2023
no man's sky,2024
no rest for the wicked,2024
nobody wants to die,2024
noita,2019
noita,2020
noita,2021
noita,2022
noita,2024
norland,2024
northgard,2018
not tonight,2018
nuclear throne,2016
obduction,2016
observation,2019
observer,2017
octopath traveler,2018
octopath traveler,2019
octopath traveler ii,2023
old school musical,2018
old spice games,2017
old spice games,2018
olympic games tokyo 2020: the official video game,2021
omega strikers,2022
omega strikers,2023
once human,2023
once human,2024
one hour one life,2018
one piece odyssey,2023
onimusha: warlords,2017
onimusha: warlords,2019
only climb: better together,2023
only up!,2023
operation: tango,2021
orcs must die! 2,2018
orcs must die! 3,2021
orcs must die! unchained,2016
ori and the blind forest,2016
ori and the blind forest,2017
ori and the blind forest,2018
ori and the blind forest,2020
ori and the will of the wisps,2020
osiris: new dawn,2016
otaku's adventure,2019
outer wilds,2019
outer wilds,2021
outlast,2016
outlast,2017
outlast,2018
outlast,2019
outlast,2020
outlast,2021
outlast 2,2016
outlast 2,2017
outlast 2,2018
outlast ii,2019
outlast ii,2020
outlaws of the old west,2019
outriders,2021
outriders,2022
outward,2019
outward,2020
overcooked! 2,2018
overcooked! 2,2019
overcooked! 2,2021
overkill's the walking dead,2018
overlord ii,2016
owlboy,2016
owlboy,2018
oxygen not included,2017
oxygen not included,2018
oxygen not included,2019
oxygen not included,2020
pacific drive,2024
pagan online,2019
palia,2023
palia,2024
palworld,2024
panicore,2024
paper mario,2016
paper mario,2018
paper mario: color splash,2016
paper mario: the origami king,2020
paper mario: the thousand-year door,2016
paper mario: the thousand-year door,2017
paper mario: the thousand-year door,2019
paper mario: the thousand-year door,2024
"papers, please",2018
paradigm,2017
paragon,2016
paragon,2017
paragon,2018
paragon: the overprime,2022
paragon: the overprime,2023
parappa the rapper,2017
parasocial,2023
park beyond,2023
parkitect,2016
parkitect,2018
party animals,2020
party animals,2023
party animals,2024
party hard tycoon,2017
passpartout: the starving artist,2017
path of exile,2016
path of exile,2017
path of exile,2018
path of exile,2019
path of exile,2020
path of exile,2021
path of exile,2022
path of exile,2023
path of exile,2024
pathfinder: kingmaker,2018
pathfinder: kingmaker,2019
pathfinder: wrath of the righteous,2021
pathologic,2019
pawafuru puroyakyu 2024-2025,2024
pax dei,2023
pax dei,2024
payday 2,2016
payday 2,2017
payday 3,2023
pc building simulator,2018
peepo island,2022
peggle 2,2020
penn & teller's smoke and mirrors,2016
penn & teller's smoke and mirrors,2017
penn & teller's smoke and mirrors,2018
penn & teller's smoke and mirrors,2019
penn & teller's smoke and mirrors,2020
penn & teller's smoke and mirrors,2021
penn & teller's smoke and mirrors,2022
pepsiman,2016
perception,2017
perfect world,2023
persona 3 reload,2024
persona 4 golden,2020
persona 5,2016
persona 5,2017
persona 5,2018
persona 5,2019
persona 5 royal,2020
persona 5 royal,2022
persona 5 royal,2023
persona 5 strikers,2021
pga tour 2k21,2020
pga tour 2k21,2021
phantasmagoria,2016
phantasy star online 2,2020
phantasy star online 2,2021
phantasy star online 2 new genesis,2021
phantom abyss,2021
phantom doctrine,2018
phasmophobia,2020
phasmophobia,2021
phasmophobia,2022
phasmophobia,2023
phasmophobia,2024
phoenix point,2019
phoenix wright: ace attorney <u+2212> spirit of justice,2016
phoenix wright: ace attorney trilogy,2019
phoenix wright: ace attorney trilogy hd,2019
phoning home,2017
pico park,2021
pico park,2022
pico park 2,2024
pikmin,2016
pikmin 4,2023
pillars of eternity,2018
pillars of eternity ii: deadfire,2018
pinball,2016
pineview drive,2016
pixark,2018
pizza connection 3,2018
plague inc: evolved,2020
planet coaster,2016
planet coaster,2018
planet crafter,2022
planet crafter,2024
planet zoo,2019
planetside 2,2016
plant vs undead,2021
plants vs zombies: garden warfare 2,2016
plateup!,2022
plateup!,2023
playerunknown's battlegrounds,2016
playerunknown's battlegrounds,2017
playerunknown's battlegrounds,2018
playerunknown's battlegrounds,2019
playerunknown's battlegrounds,2020
playerunknown's battlegrounds,2021
pogostuck: rage with your friends,2019
pogostuck: rage with your friends,2020
pogostuck: rage with your friends,2023
poi,2017
pok<u+00e9>mon black/white version 2,2018
pok<u+00e9>mon black/white version 2,2019
pok<u+00e9>mon brilliant diamond/shining pearl,2021
pok<u+00e9>mon crystal,2016
pok<u+00e9>mon crystal,2019
pok<u+00e9>mon emerald,2017
pok<u+00e9>mon emerald,2020
pok<u+00e9>mon emerald,2021
pok<u+00e9>mon firered/leafgreen,2016
pok<u+00e9>mon firered/leafgreen,2020
pok<u+00e9>mon firered/leafgreen,2021
pok<u+00e9>mon go,2016
pok<u+00e9>mon go,2017
pok<u+00e9>mon go,2020
pok<u+00e9>mon go,2021
pok<u+00e9>mon heartgold/soulsilver,2017
pok<u+00e9>mon heartgold/soulsilver,2018
pok<u+00e9>mon heartgold/soulsilver,2020
pok<u+00e9>mon heartgold/soulsilver,2021
pok<u+00e9>mon mystery dungeon: rescue team dx,2020
pok<u+00e9>mon omega ruby/alpha sapphire,2016
pok<u+00e9>mon platinum,2020
pok<u+00e9>mon platinum,2021
pok<u+00e9>mon quest,2018
pok<u+00e9>mon red/blue,2016
pok<u+00e9>mon red/blue,2017
pok<u+00e9>mon ruby/sapphire,2020
pok<u+00e9>mon stadium 2,2019
pok<u+00e9>mon sun/moon,2016
pok<u+00e9>mon sun/moon,2017
pok<u+00e9>mon sword/shield,2019
pok<u+00e9>mon sword/shield,2020
pok<u+00e9>mon sword/shield,2021
pok<u+00e9>mon trading card game,2016
pok<u+00e9>mon trading card game,2017
pok<u+00e9>mon trading card game,2019
pok<u+00e9>mon trading card game,2020
pok<u+00e9>mon trading card game,2021
pok<u+00e9>mon trading card game online,2017
pok<u+00e9>mon ultra sun/ultra moon,2017
pok<u+00e9>mon ultra sun/ultra moon,2018
pok<u+00e9>mon ultra sun/ultra moon,2019
pok<u+00e9>mon unite,2021
pok<u+00e9>mon x/y,2020
pok<u+00e9>mon yellow,2016
"pok<u+00e9>mon: let's go, pikachu!",2018
"pok<u+00e9>mon: let's go, pikachu!",2019
poker,2016
poker,2017
poker,2018
poker,2019
poker,2020
poker,2021
poker,2022
poker,2023
poker,2024
poker online - texas holdem,2023
poker online: texas holdem,2023
poker online: texas holdem,2024
pokk<u+00e9>n tournament,2016
pokã©mon black/white version 2,2024
pokã©mon brilliant diamond/shining pearl,2022
pokã©mon community game,2022
pokã©mon community game,2023
pokã©mon community game,2024
pokã©mon emerald,2022
pokã©mon emerald version,2024
pokã©mon firered/leafgreen,2022
pokã©mon firered/leafgreen,2023
pokã©mon firered/leafgreen,2024
pokã©mon go,2022
pokã©mon go,2023
pokã©mon go,2024
pokã©mon heartgold/soulsilver,2022
pokã©mon heartgold/soulsilver,2023
pokã©mon heartgold/soulsilver,2024
pokã©mon infinite fusion,2023
pokã©mon legends: arceus,2022
pokã©mon mystery dungeon: explorers of sky,2024
pokã©mon omega ruby/alpha sapphire,2023
pokã©mon platinum version,2023
pokã©mon scarlet/violet,2022
pokã©mon scarlet/violet,2023
pokã©mon scarlet/violet,2024
pokã©mon sword/shield,2022
pokã©mon trading card game,2022
pokã©mon trading card game,2023
pokã©mon trading card game,2024
pokã©mon unite,2022
pokã©mon unite,2023
pokã©mon unite,2024
pokã©rogue,2024
politics,2019
politics,2020
politics,2021
politics,2022
politics,2023
politics,2024
poly bridge,2017
poly bridge,2019
poly bridge 2,2020
poly bridge 3,2023
"pools, hot tubs, and beaches",2021
"pools, hot tubs, and beaches",2022
"pools, hot tubs, and beaches",2023
"pools, hot tubs, and beaches",2024
poppy playtime,2021
poppy playtime,2022
poppy playtime,2024
portal 2,2016
portal 2,2017
portal 2,2018
portal 2,2019
portal 2,2020
post scriptum,2018
potion craft,2021
power rangers samurai,2017
powerwash simulator,2021
powerwash simulator,2022
powerwash simulator,2023
predator: hunting grounds,2020
predecessor,2024
prey,2017
prey,2018
prime world,2016
prime world,2017
prince of persia: the lost crown,2024
prince of persia: the sands of time,2017
princess connect! re:dive,2018
princess connect! re:dive,2019
prison architect,2016
prison architect,2017
prison simulator,2021
pro gymnast,2020
pro soccer online,2021
professor layton and the curious village,2018
project f,2023
project highrise,2016
project winter,2019
project winter,2020
project winter,2021
project zomboid,2021
project zomboid,2022
project zomboid,2023
project zomboid,2024
project: playtime,2022
prominence poker,2019
propnight,2021
propnight,2022
protocol,2018
psychonauts 2,2021
pubg mobile,2018
pubg mobile,2019
pubg mobile,2020
pubg mobile,2021
pubg mobile,2022
pubg mobile,2023
pubg mobile,2024
pubg: battlegrounds,2021
pubg: battlegrounds,2022
pubg: battlegrounds,2023
pubg: battlegrounds,2024
pummel party,2018
pummel party,2019
pummel party,2020
pummel party,2021
pummel party,2022
pummel party,2023
pummel party,2024
pumping simulator 2,2023
punch club,2016
punch club,2017
punch club 2: fast forward,2023
punch-out!!,2019
puzzle & dragons,2016
puzzle & dragons,2017
q remastered,2023
quackshot starring donald duck,2016
quantum break,2016
quiplash,2016
quiplash 2 interlashional,2020
rabi-ribi,2016
raft,2018
raft,2019
raft,2020
raft,2021
raft,2022
raft,2023
raft,2024
rage 2,2019
ragnarok m: eternal love,2018
ragnarok m: eternal love,2019
ragnarok online,2016
ragnarok online,2017
ragnarok online,2018
ragnarok online,2019
ragnarok online,2020
ragnarok online,2023
ragnarok online,2024
ragnarok online mobile,2017
ragnarok origin,2024
raid: shadow legends,2020
raid: shadow legends,2021
raid: shadow legends,2022
railway empire,2018
ranch simulator,2021
ranch simulator,2022
ranch simulator,2023
ratchet & clank,2016
ratchet & clank: rift apart,2021
ratopia,2023
ratropolis,2019
ravendawn,2024
rayman,2018
rayman legends,2016
ready or not,2021
ready or not,2022
ready or not,2023
ready or not,2024
rebel galaxy outlaw,2019
recore,2016
red dead redemption,2016
red dead redemption,2018
red dead redemption 2,2018
red dead redemption 2,2019
red dead redemption 2,2020
red dead redemption 2,2021
red dead redemption 2,2022
red dead redemption 2,2023
red dead redemption 2,2024
redfall,2023
reign of kings,2016
remnant ii,2023
remnant: from the ashes,2019
remnant: from the ashes,2020
remnant: from the ashes,2023
remothered: broken porcelain,2020
remothered: tormented fathers,2018
rend,2018
resident evil,2016
resident evil,2017
resident evil,2019
resident evil,2021
resident evil 2,2016
resident evil 2,2017
resident evil 2,2018
resident evil 2,2019
resident evil 2,2020
resident evil 2,2021
resident evil 2,2022
resident evil 2,2023
resident evil 3,2020
resident evil 3: nemesis,2016
resident evil 3: nemesis,2019
resident evil 4,2016
resident evil 4,2017
resident evil 4,2018
resident evil 4,2019
resident evil 4,2020
resident evil 4,2021
resident evil 4,2022
resident evil 4,2023
resident evil 4,2024
resident evil 5,2016
resident evil 5,2017
resident evil 6,2017
resident evil 7 biohazard,2016
resident evil 7 biohazard,2017
resident evil 7 biohazard,2018
resident evil 7 biohazard,2019
resident evil 7 biohazard,2020
resident evil 7 biohazard,2021
resident evil resistance,2020
resident evil village,2021
resident evil village,2022
resident evil zero,2016
resident evil: code veronica x hd,2016
resident evil: code veronica x hd,2017
resident evil: revelations 2,2016
retro,2016
retro,2017
retro,2018
retro,2019
retro,2020
retro,2021
retro,2022
retro,2023
retro,2024
return of the obra dinn,2018
return of the obra dinn,2019
return to monkey island,2022
returnal,2021
returnal,2023
revelation,2016
revelation online,2016
revelation online,2017
reventure,2019
rgg land,2024
rhythm doctor,2021
rhythm tengoku: the best plus,2016
riders of icarus,2016
riders republic,2021
rift,2018
rime,2017
rimworld,2016
rimworld,2017
rimworld,2018
rimworld,2019
rimworld,2020
rimworld,2021
rimworld,2022
rimworld,2023
rimworld,2024
ring fit adventure,2019
rise of the ronin,2024
rise of the tomb raider,2016
rise of the tomb raider,2018
rise online,2022
rise online,2024
rising storm 2: vietnam,2017
risk of rain 2,2019
risk of rain 2,2020
risk of rain 2,2022
risk of rain returns,2023
risk: factions,2016
risk: the game of global domination,2021
rnc 2016,2016
road 96,2021
robocop: rogue city,2023
rock band 4,2016
rock band 4,2017
rock of ages 2: bigger & boulder,2017
rocket: robot on wheels,2017
rogue legacy 2,2022
rogue tower,2022
rollercoaster tycoon 2,2016
rollercoaster tycoon world,2016
romance of the three kingdoms xiii,2017
romance of the three kingdoms xiv,2020
royal crown,2021
rpg maker,2016
rpg maker,2017
rubber bandits,2021
ruined king: a league of legends story,2021
rumbleverse,2022
runescape,2016
runescape,2017
runescape,2018
runescape,2019
runescape,2020
runescape,2021
runescape,2022
runescape,2023
russian fishing 4,2018
russian fishing 4,2019
rusty lake paradise,2018
s.t.a.l.k.e.r.: call of pripyat,2016
s.t.a.l.k.e.r.: call of pripyat,2017
s.t.a.l.k.e.r.: clear sky,2018
saint seiya : awakening,2019
saint seiya : awakening,2020
saints row,2022
sakuna: of rice and ruin,2020
salt and sanctuary,2016
samurai shodown,2019
sanabi,2023
satisfactory,2019
satisfactory,2020
satisfactory,2021
satisfactory,2022
satisfactory,2023
satisfactory,2024
savage: resurrection,2016
scarface: the world is yours,2023
scarlet nexus,2021
scavengers,2021
science & technology,2018
science & technology,2019
science & technology,2020
science & technology,2021
science & technology,2022
science & technology,2023
science & technology,2024
scorn,2022
scp: secret files,2022
scp: secret laboratory,2018
scp: secret laboratory,2020
scrap mechanic,2016
scrap mechanic,2020
scrutinized,2020
scum,2018
scum,2020
scum,2022
scum,2023
scum,2024
sea of stars,2023
second extinction,2020
secret hitler,2016
secret neighbor,2019
secret of evermore,2018
secret of mana,2016
secret of mana,2018
senua's saga: hellblade ii,2024
serious sam 4,2020
sexy sniper,2023
shadow arena,2020
shadow of the colossus,2016
shadow of the colossus,2018
shadow of the tomb raider,2018
shadow tactics: blades of the shogun,2016
shadow warrior 2,2016
shattered skies,2016
shatterline,2022
shellshock live,2016
shenmue,2018
shenmue i & ii,2018
shenmue iii,2019
sherlock holmes: chapter one,2021
sherlock holmes: the devil's daughter,2016
shin megami tensei v,2021
shin megami tensei v: vengeance,2024
shinkansen 0,2024
shiren the wanderer: the mystery dungeon of serpentcoil island,2024
shoppe keep,2016
shoppe keep 2,2018
shovel knight,2017
sid meier's civilization v,2016
sid meier's civilization v,2017
sid meier's civilization v,2018
sid meier's civilization v,2019
sid meier's civilization vi,2016
sid meier's civilization vi,2017
sid meier's civilization vi,2018
sid meier's civilization vi,2019
sid meier's civilization vi,2020
sid meier's civilization vi,2021
sid meier's civilization vi,2022
sid meier's civilization vi,2023
sid meier's civilization vi,2024
sid meier's civilization vi: rise & fall,2018
sifu,2022
sign of silence,2020
silent breath,2024
silent hill,2016
silent hill 2,2016
silent hill 2,2018
silent hill 3,2016
silent hill 4: the room,2017
silent hill: downpour,2016
silent hill: the short message,2024
silver chains,2019
skribbl.io,2019
skribbl.io,2020
skribbl.io,2021
skul: the hero slayer,2020
skul: the hero slayer,2021
skull and bones,2023
skull and bones,2024
skyforge,2017
skylanders: ring of heroes,2019
slam dunk,2020
slay the spire,2018
slay the spire,2019
slay the spire,2020
slay the spire,2021
slay the spire,2022
slay the spire,2023
slay the spire,2024
slime rancher,2016
slime rancher,2017
slime rancher,2019
slime rancher 2,2022
slither,2016
slither.io,2016
slots,2018
slots,2019
slots,2020
slots,2021
slots,2022
slots,2023
slots,2024
sly cooper and the thievius raccoonus,2017
smalland: survive the wilds,2023
smash + grab,2016
smite 2,2024
smite tactics,2017
smuta,2024
sniper elite 4,2017
sniper elite 5,2022
sniper ghost warrior contracts 2,2021
sniper: ghost warrior 3,2017
snowrunner,2020
snowrunner,2021
social eating,2016
social eating,2017
social eating,2018
software and game development,2021
software and game development,2022
software and game development,2023
software and game development,2024
solo leveling: arise,2024
soma,2016
some some convenience store,2020
song of horror,2019
song of horror,2020
songs of conquest,2022
sonic advance,2016
sonic advance 2,2017
sonic advance 3,2018
sonic adventure 2: battle,2016
sonic forces,2017
sonic frontiers,2022
sonic mania,2017
sonic the hedgehog,2016
sons of the forest,2023
sons of the forest,2024
sos,2017
sos,2018
soulcalibur vi,2018
soulcalibur vi,2019
soulmask,2024
soulstone survivors,2022
soulworker,2018
south park,2023
south park,2024
south park: snow day!,2024
south park: the fractured but whole,2017
south park: the fractured but whole,2018
south park: the fractured but whole,2019
south park: the fractured but whole,2024
south park: the stick of truth,2016
south park: the stick of truth,2017
space engineers,2018
space engineers,2019
space engineers,2020
space hulk: deathwing,2016
sparkster,2017
special events,2018
special events,2019
special events,2020
special events,2021
special events,2022
special events,2023
special events,2024
spectre divide,2024
spellforce 3,2017
spelunky,2017
spelunky 2,2020
spelunky 2,2021
spelunky 2,2022
spelunky 2,2023
spiritfarer,2020
splatoon 3,2022
splatoon 3,2023
splatoon 3,2024
splitgate,2021
spongebob squarepants: battle for bikini bottom,2016
spongebob squarepants: battle for bikini bottom,2017
spongebob squarepants: battle for bikini bottom - rehydrated,2020
spongebob squarepants: the cosmic shake,2023
sports,2020
sports,2021
sports,2022
sports,2023
sports,2024
spyparty,2018
spyro reignited trilogy,2018
spyro: year of the dragon,2016
spyro: year of the dragon,2017
squad,2016
squad,2017
squad,2018
squad,2020
squad busters,2024
squirrel with a gun,2024
stalcraft,2022
stalcraft,2023
stalcraft: x,2023
stalcraft: x,2024
star citizen,2016
star citizen,2017
star citizen,2018
star citizen,2019
star citizen,2020
star citizen,2021
star citizen,2022
star citizen,2023
star citizen,2024
star fox zero,2016
star ocean: integrity and faithlessness,2016
star trek: bridge crew,2017
star trucker,2024
star wars battlefront,2016
star wars battlefront ii,2017
star wars battlefront ii,2018
star wars battlefront ii,2019
star wars battlefront ii,2020
star wars battlefront ii,2021
star wars battlefront ii,2023
star wars jedi: fallen order,2019
star wars jedi: fallen order,2020
star wars jedi: fallen order,2021
star wars jedi: fallen order,2023
star wars jedi: survivor,2023
star wars outlaws,2024
star wars: force arena,2017
star wars: jedi knight ii - jedi outcast,2016
star wars: knights of the old republic,2016
star wars: knights of the old republic,2020
star wars: knights of the old republic ii - the sith lords,2019
star wars: the old republic,2016
star wars: the old republic,2017
star wars: the old republic,2021
starbase,2021
starbound,2016
starbound,2017
starbound,2018
starcraft,2017
starcraft,2018
starcraft,2019
starcraft,2020
starcraft,2021
starcraft,2022
starcraft,2023
starfield,2023
starship troopers: extermination,2023
starsiege: deadzone,2023
startropics,2017
state of decay 2,2018
state of decay 2,2020
stationeers,2017
stay,2018
stay out of the house,2022
steelrising,2022
steep,2016
steep,2017
stellar blade,2024
stellaris,2016
stellaris,2017
stellaris,2018
stellaris,2019
stellaris,2020
stepmania,2016
still wakes the deep,2024
stilt fella,2020
stocks and bonds,2021
stone age,2016
stonehearth,2016
stonehearth,2017
stoneshard,2020
stories untold,2017
storybook brawl,2021
strafe,2017
stranded deep,2017
stranded deep,2020
strange brigade,2018
stranger of paradise: final fantasy origin,2022
stray,2022
stream raiders,2020
stream raiders,2021
stream raiders,2022
stream raiders,2024
streamer life simulator,2020
streets of rage 4,2020
stronghold: definitive edition,2023
stumble guys,2022
stumble guys,2023
subnautica,2016
subnautica,2017
subnautica,2018
subnautica,2019
subnautica,2020
subnautica,2021
subnautica,2022
subnautica,2023
subnautica,2024
subnautica: below zero,2019
subnautica: below zero,2020
subnautica: below zero,2021
suicide squad: kill the justice league,2024
suika game,2023
summer game fest,2020
summoners war: chronicles,2023
summoners war: lost centuria,2021
sun haven,2023
sunkenland,2023
sunless skies,2019
super auto pets,2021
super auto pets,2022
super castlevania iv,2017
super mario 3d all-stars,2020
super mario 3d world,2016
super mario 3d world,2018
super mario 3d world,2021
super mario 3d world + bowser's fury,2021
super mario 64,2016
super mario 64,2017
super mario 64,2018
super mario 64,2019
super mario 64,2020
super mario 64,2021
super mario 64,2022
super mario 64,2023
super mario 64,2024
super mario 64 ds,2016
super mario bros.,2016
super mario bros.,2017
super mario bros. 3,2016
super mario bros. 3,2017
super mario bros. 3,2018
super mario bros. 3,2020
super mario bros. 35,2020
super mario bros. wonder,2023
super mario galaxy,2016
super mario galaxy,2018
super mario galaxy 2,2016
super mario galaxy 2,2017
super mario galaxy 2,2019
super mario maker,2016
super mario maker,2017
super mario maker,2018
super mario maker,2019
super mario maker 2,2019
super mario maker 2,2020
super mario maker 2,2021
super mario maker 2,2022
super mario maker 2,2023
super mario maker 2,2024
super mario odyssey,2017
super mario odyssey,2018
super mario odyssey,2019
super mario odyssey,2020
super mario odyssey,2021
super mario rpg,2023
super mario rpg: legend of the seven stars,2016
super mario rpg: legend of the seven stars,2017
super mario rpg: legend of the seven stars,2019
super mario sunshine,2016
super mario sunshine,2017
super mario sunshine,2018
super mario sunshine,2019
super mario sunshine,2020
super mario world,2016
super mario world,2017
super mario world,2018
super mario world,2019
super mario world,2020
super mario world,2021
super mario world,2022
super mario world,2023
super mario world,2024
super mario world 2: yoshi's island,2018
super metroid,2016
super metroid,2017
super metroid,2018
super metroid,2019
super metroid,2020
super monkey ball,2018
super monkey ball deluxe,2017
super monkey ball: banana blitz,2016
super punch-out!!,2018
super robot taisen v,2017
super seducer,2018
super seducer,2019
super seducer 2,2018
super seducer 3,2021
super senso,2017
superhot,2016
superliminal,2019
superman,2018
supermarket simulator,2024
supermarket together,2024
supernatural,2024
supernova,2016
supervive,2024
supraland,2019
surgeon simulator 2,2020
surviving mars,2018
suspects: mystery mansion,2021
sword art online: alicization lycoris,2020
sword art online: fatal bullet,2018
sword art online: hollow realization,2016
swords of legends online,2021
syberia 3,2017
synced,2023
syndrome,2016
system shock,2023
tabletop rpgs,2019
tabletop rpgs,2020
tabletop rpgs,2021
tabletop rpgs,2022
tabletop rpgs,2023
tabletop rpgs,2024
tabletop simulator,2016
tabletop simulator,2017
tabletop simulator,2018
tabletop simulator,2019
tabletop simulator,2020
tactics ogre: reborn,2022
tale of immortal,2022
tale of wuxia,2016
tales from the borderlands,2016
tales of arise,2021
tales of berseria,2016
tales of berseria,2017
tales of vesperia,2019
talk shows & podcasts,2016
talk shows & podcasts,2017
talk shows & podcasts,2018
talk shows & podcasts,2019
talk shows & podcasts,2020
talk shows & podcasts,2021
talk shows & podcasts,2022
talk shows & podcasts,2023
talk shows & podcasts,2024
tarisland,2024
tavern manager simulator,2024
tcg card shop simulator,2024
teamfight manager,2021
teardown,2020
teenage mutant ninja turtles: shredder's revenge,2022
tekken 7: fated retribution,2016
tekken 7: fated retribution,2017
tell me why,2020
telling lies,2019
tera,2016
tera,2017
tera,2018
terraria,2016
terraria,2017
terraria,2018
terraria,2019
terraria,2020
terraria,2021
terraria,2022
terraria,2023
terraria,2024
tetris 99,2019
tetris with cardcaptor sakura: eternal heart,2017
tetris: the grand master,2017
thank goodness youâ€tmre here!,2024
the ascent,2021
the awesome adventures of captain spirit,2018
the ball,2016
the bard's tale iv,2018
the bathhouse,2022
the bathhouse restored edition,2024
the battle cats unite!,2024
the beast inside,2019
the binding of isaac: afterbirth,2016
the binding of isaac: afterbirth,2017
the binding of isaac: afterbirth,2018
the binding of isaac: afterbirth,2019
the binding of isaac: afterbirth,2020
the binding of isaac: afterbirth,2021
the binding of isaac: rebirth,2016
the binding of isaac: rebirth,2021
the binding of isaac: repentance,2016
the binding of isaac: repentance,2021
the binding of isaac: repentance,2022
the binding of isaac: repentance,2023
the binding of isaac: repentance,2024
the bridge curse 2: the extrication,2024
the bridge curse: road to salvation,2022
the bunker,2016
the callisto protocol,2022
"the casino: roulette, video poker, slot machines, craps, baccarat",2023
the casting of frank stone,2024
the chant,2022
the classrooms,2024
the closing shift,2022
the coin game,2020
the council,2018
the crew 2,2018
the crew: motorfest,2023
the culling,2016
the culling,2017
the culling,2018
the cycle: frontier,2021
the cycle: frontier,2022
the cycle: frontier,2023
the dark occult,2018
the dark pictures anthology: house of ashes,2021
the dark pictures anthology: little hope,2020
the dark pictures anthology: man of medan,2019
the dark pictures anthology: the devil in me,2022
the dark pictures anthology: the devil in me,2023
the day before,2023
the elder scrolls iii: morrowind,2016
the elder scrolls iv: oblivion,2016
the elder scrolls iv: oblivion,2018
the elder scrolls iv: oblivion,2019
the elder scrolls iv: oblivion,2020
the elder scrolls online,2016
the elder scrolls online,2017
the elder scrolls online,2018
the elder scrolls online,2019
the elder scrolls online,2020
the elder scrolls online,2021
the elder scrolls online,2022
the elder scrolls online,2023
the elder scrolls online,2024
the elder scrolls v: skyrim,2016
the elder scrolls v: skyrim,2017
the elder scrolls v: skyrim,2018
the elder scrolls v: skyrim,2019
the elder scrolls v: skyrim,2020
the elder scrolls v: skyrim,2021
the elder scrolls v: skyrim,2022
the elder scrolls v: skyrim,2023
the elder scrolls v: skyrim,2024
the elder scrolls v: skyrim - special edition,2022
the elder scrolls v: skyrim - special edition,2023
the elder scrolls v: skyrim special edition,2021
the end is nigh,2017
the escapists,2017
the escapists 2,2017
the evil within,2016
the evil within,2017
the evil within,2018
the evil within 2,2017
the evil within 2,2018
the exit 8,2023
the first descendant,2022
the first descendant,2023
the first descendant,2024
the forest,2016
the forest,2017
the forest,2018
the forest,2019
the forest,2020
the forest,2021
the forest,2022
the forest,2023
the front,2023
the game awards,2017
the game awards,2018
the game awards 2016,2016
the game of sisyphus,2024
the godfather,2023
the guest,2016
the idolmaster: stella stage,2017
the infectious madness of doctor dekker,2017
the invincible,2023
the isle,2016
the isle,2019
the isle,2020
the isle,2021
the isle,2023
the jackbox party pack 4,2017
the jackbox party pack 4,2018
the jackbox party pack 5,2018
the jackbox party pack 6,2019
the jackbox party pack 6,2020
the joy of sex,2017
the joy of sex,2018
the joy of sex,2019
the karaoke,2023
the king of fighters xiv,2016
the king of fighters xiv,2017
the king of fighters xv,2022
the last guardian,2016
the last of us,2016
the last of us,2017
the last of us,2018
the last of us,2019
the last of us,2020
the last of us part i,2022
the last of us part i,2023
the last of us part ii,2020
the last of us part ii,2021
the last of us part ii,2022
the last of us part ii,2023
the last of us part ii: remastered,2024
the last spell,2021
the last spell,2023
the legend of bum-bo,2019
the legend of korra,2017
the legend of zelda,2020
the legend of zelda: a link between worlds,2016
the legend of zelda: a link between worlds,2019
the legend of zelda: a link to the past,2016
the legend of zelda: a link to the past,2017
the legend of zelda: a link to the past,2018
the legend of zelda: a link to the past,2019
the legend of zelda: a link to the past,2020
the legend of zelda: a link to the past,2021
the legend of zelda: breath of the wild,2017
the legend of zelda: breath of the wild,2018
the legend of zelda: breath of the wild,2019
the legend of zelda: breath of the wild,2020
the legend of zelda: breath of the wild,2021
the legend of zelda: breath of the wild,2022
the legend of zelda: breath of the wild,2023
the legend of zelda: echoes of wisdom,2024
the legend of zelda: four swords adventures,2016
the legend of zelda: four swords adventures,2018
the legend of zelda: link's awakening,2019
the legend of zelda: link's awakening,2020
the legend of zelda: link's awakening dx,2016
the legend of zelda: majora's mask,2016
the legend of zelda: majora's mask,2017
the legend of zelda: majora's mask,2018
the legend of zelda: majora's mask,2019
the legend of zelda: majora's mask,2020
the legend of zelda: majora's mask,2021
the legend of zelda: majora's mask,2022
the legend of zelda: majora's mask,2024
the legend of zelda: majora's mask 3d,2018
the legend of zelda: ocarina of time,2016
the legend of zelda: ocarina of time,2017
the legend of zelda: ocarina of time,2018
the legend of zelda: ocarina of time,2019
the legend of zelda: ocarina of time,2020
the legend of zelda: ocarina of time,2021
the legend of zelda: ocarina of time,2022
the legend of zelda: ocarina of time,2023
the legend of zelda: ocarina of time,2024
the legend of zelda: ocarina of time - master quest,2016
the legend of zelda: ocarina of time 3d,2017
the legend of zelda: oracle of ages,2016
the legend of zelda: oracle of seasons,2018
the legend of zelda: skyward sword,2017
the legend of zelda: skyward sword,2018
the legend of zelda: skyward sword,2020
the legend of zelda: skyward sword hd,2021
the legend of zelda: tears of the kingdom,2023
the legend of zelda: tears of the kingdom,2024
the legend of zelda: the minish cap,2017
the legend of zelda: the minish cap,2019
the legend of zelda: the wind waker,2016
the legend of zelda: the wind waker,2019
the legend of zelda: the wind waker,2020
the legend of zelda: the wind waker hd,2016
the legend of zelda: the wind waker hd,2017
the legend of zelda: the wind waker hd,2018
the legend of zelda: the wind waker hd,2019
the legend of zelda: twilight princess,2019
the legend of zelda: twilight princess hd,2016
the legend of zelda: twilight princess hd,2017
the long dark,2016
the long dark,2017
the long dark,2018
the long dark,2019
the long dark,2020
the long dark,2021
the long dark,2022
the long drive,2019
the long drive,2020
the long drive,2022
the long drive,2023
the long drive,2024
the long journey home,2017
the lord of the rings online,2018
the lord of the rings: gollum,2023
the lord of the rings: return to moria,2023
the mageseeker: a league of legends story,2023
the mean greens: plastic warfare,2016
the medium,2021
the messenger,2018
the messenger,2019
the mortuary assistant,2022
the mortuary assistant,2023
the movies,2021
the outer worlds,2019
the outlast trials,2022
the outlast trials,2023
the outlast trials,2024
the pedestrian,2020
the plucky squire,2024
the political machine 2016,2016
the quarry,2022
the red strings club,2018
the riftbreaker,2021
the room three,2018
the seven deadly sins: grand cross,2020
the simpsons,2022
the simpsons,2023
the simpsons: hit & run,2018
the simpsons: hit & run,2023
the simpsons: hit & run,2024
the sims 4,2016
the sims 4,2017
the sims 4,2018
the sims 4,2019
the sims 4,2020
the sims 4,2021
the sims 4,2022
the sims 4,2023
the sims 4,2024
the sinking city,2019
the solus project,2016
the stanley parable: ultra deluxe,2022
the stubborn of wakgood,2023
the suicide of rachel foster,2020
the surge,2017
the surge 2,2019
the survivalists,2020
the swords of ditto,2018
the swordsmen x,2018
the texas chain saw massacre,2023
the texas chain saw massacre,2024
the town of light,2016
the turing test,2016
the underground man,2016
the walking dead: a new frontier,2016
the walking dead: a new frontier,2017
the walking dead: michonne,2016
the walking dead: saints & sinners,2020
the walking dead: season one,2016
the walking dead: season one,2017
the walking dead: season one,2022
the walking dead: season two,2016
the walking dead: the final season,2018
the walking dead: the final season,2019
the wandering village,2022
the wild eight,2017
the witcher,2017
the witcher,2018
the witcher,2020
the witcher 2: assassins of kings,2017
the witcher 2: assassins of kings,2020
the witcher 3: wild hunt,2016
the witcher 3: wild hunt,2017
the witcher 3: wild hunt,2018
the witcher 3: wild hunt,2019
the witcher 3: wild hunt,2020
the witcher 3: wild hunt,2021
the witcher 3: wild hunt,2022
the witcher 3: wild hunt,2023
the witcher 3: wild hunt,2024
the witness,2016
the witness,2017
thehunter: call of the wild,2017
thehunter: call of the wild,2018
thehunter: call of the wild,2019
there is no game : wrong dimension,2020
thetan arena,2021
they are billions,2017
they are billions,2018
they are billions,2019
they are billions,2020
they are billions,2021
they are billions,2022
they are billions,2023
they are billions,2024
thief simulator,2018
thief simulator,2019
thief simulator 2,2023
thimbleweed park,2017
this is the police,2016
this is the police 2,2018
this war of mine,2017
throne and liberty,2023
throne and liberty,2024
throne of lies: medieval politics,2017
throne of lies: medieval politics,2018
thronebreaker: the witcher tales,2018
through the woods,2016
thymesia,2022
timberborn,2021
tiny rogues,2022
tiny tina's wonderlands,2022
titanfall 2,2016
titanfall 2,2017
tmnt,2016
tom clancy's ghost recon: breakpoint,2019
tom clancy's ghost recon: wildlands,2017
tom clancy's ghost recon: wildlands,2018
tom clancy's ghost recon: wildlands,2019
tom clancy's rainbow six extraction,2022
tom clancy's rainbow six siege,2016
tom clancy's rainbow six siege,2017
tom clancy's rainbow six siege,2018
tom clancy's rainbow six siege,2019
tom clancy's rainbow six siege,2020
tom clancy's rainbow six siege,2021
tom clancy's rainbow six siege,2022
tom clancy's rainbow six siege,2023
tom clancy's rainbow six siege,2024
tom clancy's the division,2016
tom clancy's the division,2017
tom clancy's the division,2018
tom clancy's the division,2019
tom clancy's the division 2,2019
tom clancy's the division 2,2020
tom clancy's the division 2,2021
tom clancy's the division 2,2022
tom clancy's the division 2,2023
tomb raider ii,2017
tomb raider iâ€¢iiâ€¢iii remastered,2024
tony hawk's pro skater,2016
tony hawk's pro skater 1+2,2020
topspin 2k25,2024
torchlight iii,2020
torchlight: infinite,2022
torchlight: infinite,2023
torchlight: infinite,2024
tormented souls,2021
total lockdown,2020
total war saga: thrones of britannia,2018
total war: three kingdoms,2019
total war: three kingdoms,2020
total war: warhammer,2016
total war: warhammer,2017
total war: warhammer ii,2017
total war: warhammer ii,2018
total war: warhammer ii,2019
total war: warhammer ii,2020
total war: warhammer ii,2021
total war: warhammer iii,2022
total war: warhammer iii,2023
total war: warhammer iii,2024
totally accurate battle simulator,2018
totally accurate battle simulator,2019
totally accurate battlegrounds,2018
totally accurate battlegrounds,2021
tournament poker,2024
tower of fantasy,2022
tower of fantasy,2023
tower unite,2016
tower unite,2017
tower unite,2018
town of salem,2016
town of salem,2017
town of salem,2018
town of salem 2,2023
trackmania,2020
trackmania,2021
trackmania,2022
trackmania,2023
trackmania,2024
transformers: devastation,2016
transport fever,2016
transport fever 2,2019
transport tycoon deluxe,2016
trauma center: new blood,2017
trauma center: under the knife 2,2019
travel & outdoors,2018
travel & outdoors,2019
travel & outdoors,2020
travel & outdoors,2021
travel & outdoors,2022
travel & outdoors,2023
tree of savior,2016
trek to yomi,2022
trials of mana,2020
trials rising,2019
trials rising,2021
triangle strategy,2022
tribes of midgard,2021
tricky towers,2017
tricky towers,2018
tricky towers,2021
trine 4: the nightmare prince,2019
trombone champ,2022
tropico 5,2017
tropico 6,2019
trove,2016
trove,2017
trover saves the universe,2019
tunic,2022
tusmo,2022
twelve minutes,2021
twitch plays,2016
twitch plays,2017
twitch plays,2018
twitch plays,2019
twitch presents,2017
twitch presents,2019
twitch presents,2020
twitch sings,2019
twitch sings,2020
twitch stream aid,2020
twitchcon 2016,2016
twitchcon 2017,2017
two point campus,2022
two point hospital,2018
tyranny,2016
ufl,2024
ufo 50,2024
ultimate chicken horse,2016
ultimate chicken horse,2017
umamusume: pretty derby,2021
umamusume: pretty derby,2022
uncharted 2: among thieves,2016
uncharted: the lost legacy,2017
uncharted: the nathan drake collection,2016
undecember,2022
undermine,2019
undermine,2020
undertale,2016
undertale,2017
undertale,2018
undertale,2021
undisputed,2023
unicorn overlord,2024
unpacking,2021
unrailed!,2019
unravel,2016
unravel two,2018
until dawn,2016
until dawn,2017
until dawn,2018
until dawn,2019
until dawn,2020
until dawn,2022
until we die,2021
untitled goose game,2019
use your words,2017
v rising,2022
v rising,2023
v rising,2024
valheim,2021
valheim,2022
valheim,2023
valheim,2024
vampire survivors,2022
vampire survivors,2023
vampire: the masquerade - bloodhunt,2021
vampire: the masquerade - bloodhunt,2022
vampire: the masquerade - bloodlines,2016
vampire: the masquerade - bloodlines,2018
vampire: the masquerade - bloodlines,2019
vampyr,2018
vanquish,2017
veiled experts,2022
veiled experts,2023
vhs,2021
victoria 3,2022
video horror society,2022
viewfinder,2023
vikings: wolves of midgard,2017
vintage story,2020
virtual casino,2020
virtual casino,2021
virtual casino,2022
virtual casino,2023
virtual casino,2024
virtual reality,2016
visage,2018
visage,2019
visage,2020
visage,2021
viscera cleanup detail,2016
voices of the void,2023
voices of the void,2024
void bastards,2019
voidtrain,2021
voidtrain,2023
vrchat,2017
vrchat,2018
vrchat,2019
vrchat,2020
vrchat,2021
vrchat,2022
vrchat,2023
vrchat,2024
vvvvvv,2016
wakfu,2023
wall world,2023
war by grow games,2021
war by grow games,2023
war thunder,2016
war thunder,2017
war thunder,2018
war thunder,2019
war thunder,2020
war thunder,2021
war thunder,2022
war thunder,2023
war thunder,2024
warface: breakout,2020
warframe,2016
warframe,2017
warframe,2018
warframe,2019
warframe,2020
warframe,2021
warframe,2022
warframe,2023
warframe,2024
wargroove,2019
"warhammer 40,000: chaos gate - daemonhunters",2022
"warhammer 40,000: darktide",2022
"warhammer 40,000: darktide",2023
"warhammer 40,000: dawn of war iii",2017
"warhammer 40,000: eternal crusade",2016
"warhammer 40,000: inquisitor - prophecy",2019
"warhammer 40,000: rogue trader",2023
"warhammer 40,000: space marine ii",2024
warhammer: vermintide 2,2018
warhammer: vermintide 2,2019
warhaven,2023
warioware: get it together!,2021
warlander,2023
wartales,2023
wasteland 2,2020
wasteland 3,2020
watch dogs 2,2016
watch dogs 2,2017
watch dogs: legion,2020
watch parties,2020
watch parties,2021
watch parties,2022
watch parties,2023
watch tv,2022
watch tv,2023
waven,2023
way of the hunter,2022
wayfinder,2023
we happy few,2016
we happy few,2018
we were here forever,2022
we were here together,2019
we were here too,2018
weed shop 2,2018
weed shop 3,2022
weird west,2022
welcome to the game,2017
welcome to the game,2018
welcome to the game ii,2018
welcome to the game ii,2019
welcome to the game ii,2020
werewolves <u+72fc><u+4eba><u+6bba>,2017
what remains of edith finch,2017
what the golf?,2019
white day: a labyrinth named school,2017
who wants to be a millionaire,2020
who wants to be a millionaire,2022
wild hearts,2023
winning post 10,2023
witch it,2017
witch it,2018
wizard of legend,2018
wo long: fallen dynasty,2022
wo long: fallen dynasty,2023
wolcen: lords of mayhem,2020
wolfenstein ii: the new colossus,2017
wolfenstein ii: the new colossus,2018
wolfenstein: the new order,2016
wolfenstein: the new order,2017
wolfenstein: youngblood,2019
words on stream,2023
words on stream,2024
world of final fantasy,2016
world of warcraft: battle for azeroth,2018
world of warships,2016
world of warships,2017
world of warships,2018
world of warships,2019
world of warships,2020
world of warships,2021
world of warships,2022
world of warships,2023
world of warships,2024
world war 3,2018
world war z,2019
world war z,2020
world war z: aftermath,2021
worlds adrift,2017
worlds adrift,2018
worms armageddon,2017
worms revolution,2016
worms w.m.d,2016
worms w.m.d,2017
worms w.m.d,2018
worms w.m.d,2021
worms w.m.d,2022
wreckfest,2018
wrestling,2017
wrestling,2018
wrestling,2019
wrestling empire,2023
wuthering waves,2024
wwe 2k16,2016
wwe 2k17,2016
wwe 2k17,2017
wwe 2k18,2017
wwe 2k18,2018
wwe 2k19,2018
wwe 2k22,2022
wwe 2k23,2023
wwe 2k24,2024
wwe supercard,2022
wwe supercard,2023
x4: foundations,2018
xcom 2,2016
xcom 2,2017
xcom 2,2021
xcom 2,2023
xcom 2: war of the chosen,2017
xcom 2: war of the chosen,2018
xcom 2: war of the chosen,2019
xcom 2: war of the chosen,2020
xcom: chimera squad,2020
xcom: enemy within,2016
xcom: enemy within,2017
xdefiant,2023
xdefiant,2024
xenoblade chronicles 2,2017
xenoblade chronicles 2,2018
xenoblade chronicles 3,2022
xenoblade chronicles: definitive edition,2020
xera: survival,2019
yakuza,2020
yakuza 0,2016
yakuza 0,2017
yakuza 0,2018
yakuza 0,2019
yakuza 0,2024
yakuza 3,2018
yakuza 4,2019
yakuza 5,2019
yakuza 5,2020
yakuza 6: the song of life,2016
yakuza 6: the song of life,2017
yakuza 6: the song of life,2018
yakuza 6: the song of life,2021
yakuza kiwami,2016
yakuza kiwami,2017
yakuza kiwami,2018
yakuza kiwami,2024
yakuza kiwami 2,2017
yakuza kiwami 2,2018
yakuza: like a dragon,2020
yakuza: like a dragon,2021
yakuza: like a dragon,2022
"yes, your grace",2020
ylands,2017
yo-kai watch 2: psychic specters,2024
yooka-laylee,2017
yoshi's crafted world,2019
you suck at parking,2023
youtubers life,2016
youtubers life,2017
ys viii: lacrimosa of dana,2017
yu-gi-oh! forbidden memories,2018
yu-gi-oh! master duel,2022
yu-gi-oh! master duel,2023
yu-gi-oh! master duel,2024
yuppie psycho,2019
z1: battle royale,2016
z1: battle royale,2017
z1: battle royale,2018
z1: battle royale,2019
z1: battle royale,2020
z1: battle royale,2021
zelda ii: the adventure of link,2016
zenless zone zero,2023
zenless zone zero,2024
"zero escape: nine hours, nine persons, nine doors",2018
zero escape: zero time dilemma,2016
zero sievert,2022
zombie army 4: dead war,2020
zoochosis,2024
